{"type":"FeatureCollection","features":[{"type":"Feature","geometry":{"type":"Point","coordinates":[139.766706,35.6812546]},"properties":{"name":"東京","name_en":"Tokyo","routes":["JRさざなみ","JR中央線","JR京浜東北線","JR京葉線","JR宇都宮線","JR山手線","JR成田エクスプレス","JR東海道本線","JR総武線","あさま","かがやき","こだま","こまち","しおさい","たにがわ","つばさ","とき","なすの","のぞみ","はくたか","はやて","はやぶさ","ひたち","やまびこ","上野東京ライン","常磐線","東京メトロ丸ノ内線","東北新幹線","横須賀・総武線","踊り子"]}},{"type":"Feature","geometry":{"type":"Point","coordinates":[139.6243304,35.9063869]},"properties":{"name":"大宮","name_en":"Omiya","routes":["JR京浜東北線","JR埼京線","JR宇都宮線","JR成田エクスプレス","JR東北本線","あさま","かがやき","きぬがわ","こまち","たにがわ","つばさ","とき","なすの","はくたか","はやて","はやぶさ","やまびこ","上野東京ライン","南新宿ライン","埼玉新都市交通伊奈線","川越線","日光","東北新幹線","東武アーバンパークライン","湘南新宿ライン","高崎線"]}},{"type":"Feature","geometry":{"type":"Point","coordinates":[139.7006009,35.6922273]},"properties":{"name":"新宿","name_en":"Shinjuku","routes":["JR中央線","JR埼京線","JR山手線","JR成田エクスプレス","あずさ","えのしま","きぬがわ","さがみ","ふじさん","スーパーはこね","中央・総武緩行線","京王線","南新宿ライン","小田急小田原線・江ノ島線","小田急電鉄小田原線","日光","東京メトロ丸ノ内線","湘南新宿ライン","相鉄・JR直通線","相鉄本線","都営大江戸線"]}},{"type":"Feature","geometry":{"type":"Point","coordinates":[139.6231953,35.4662066]},"properties":{"name":"横浜","name_en":"Yokohama","routes":["JR京浜東北線","JR成田エクスプレス","JR東海道本線","JR根岸線","JR横浜線","上野東京ライン","京急空港線•本線•逗子線","京急逗子線•本線•空港線","京浜電鉄本線","南新宿ライン","東急東横線","横浜市営地下鉄ブルーライン","横浜高速鉄道みなとみらい21線","横須賀・総武線","湘南新宿ライン","相模鉄道いずみ野線","相鉄本線","踊り子"]}},{"type":"Feature","geometry":{"type":"Point","coordinates":[139.7765418,35.7134128]},"properties":{"name":"上野","name_en":"Ueno","routes":["JR京浜東北線","JR宇都宮線","JR山手線","JR常磐線","JR東北本線","あさま","かがやき","こまち","つばさ","はくたか","ひたち","上野東京ライン","常磐線","東京メトロ日比谷線","東京メトロ銀座線","東北新幹線","高崎線"]}},{"type":"Feature","geometry":{"type":"Point","coordinates":[139.7110372,35.7280917]},"properties":{"name":"池袋","name_en":"Ikebukuro","routes":["JR埼京線","JR山手線","JR成田エクスプレス","TJライナー","きぬがわ","ちちぶ","南新宿ライン","日光","東京メトロ丸ノ内線","東京メトロ副都心線","東京メトロ有楽町線","東武東上線","湘南新宿ライン","西武鉄道池袋線"]}},{"type":"Feature","geometry":{"type":"Point","coordinates":[139.7380078,35.6280038]},"properties":{"name":"品川","name_en":"Shinagawa","routes":["JR京浜東北線","JR山手線","JR成田エクスプレス","JR東海道本線","こだま","のぞみ","ひたち","エアポート成田空港駅","エアポート羽田空港第1・第2ターミナル駅","上野東京ライン","京浜電鉄","京浜電鉄本線","常磐線","横須賀・総武線"]}},{"type":"Feature","geometry":{"type":"Point","coordinates":[139.7017647,35.65808]},"properties":{"name":"渋谷","name_en":"Shibuya","routes":["JR埼京線","JR山手線","JR成田エクスプレス","京王電鉄井の頭線","南新宿ライン","東京メトロ副都心線","東京メトロ半蔵門線","東京メトロ銀座線","東急東横線","東急田園都市線","湘南新宿ライン","相鉄・JR直通線","相鉄本線"]}},{"type":"Feature","geometry":{"type":"Point","coordinates":[139.7598936,35.6653482]},"properties":{"name":"新橋","name_en":"Shimbashi","routes":["JR京浜東北線","JR山手線","JR東海道本線","ひたち","ゆりかもめ","エアポート成田空港駅","エアポート羽田空港第1・第2ターミナル駅","上野東京ライン","京浜電鉄","常磐線","東京メトロ銀座線","横須賀・総武線","都営浅草線"]}},{"type":"Feature","geometry":{"type":"Point","coordinates":[139.7709817,35.7283798]},"properties":{"name":"日暮里","name_en":"Nippori","routes":["JR京浜東北線","JR山手線","JR常磐線","ひたち","京成スカイライナー","京成成田空港アクセス","京成本線","京成本線・千葉線","京成本線・千葉線・千原線","京成電鉄シテイライナー","常磐線","日暮里・舎人ライナー"]}},{"type":"Feature","geometry":{"type":"Point","coordinates":[139.6596755,35.5757446]},"properties":{"name":"武蔵小杉","name_en":"Musashi-Kosugi","routes":["JR南武線","JR成田エクスプレス","南新宿ライン","東京地下鉄-目黒線","東急東横線","東急目黒線","横須賀・総武線","湘南新宿ライン","相鉄・JR直通線","相鉄本線"]}},{"type":"Feature","geometry":{"type":"Point","coordinates":[139.5314325,35.3543087]},"properties":{"name":"大船","name_en":"Ofuna","routes":["JR成田エクスプレス","JR東海道本線","JR根岸線","上野東京ライン","南新宿ライン","横須賀・総武線","横須賀線","湘南新宿ライン","踊り子"]}},{"type":"Feature","geometry":{"type":"Point","coordinates":[140.1125333,35.6137344]},"properties":{"name":"千葉","name_en":"Chiba","routes":["JR内房線","JR外房線","JR成田エクスプレス","JR成田線","JR総武線","しおさい","中央・総武緩行線","横須賀・総武線","総武本線"]}},{"type":"Feature","geometry":{"type":"Point","coordinates":[139.6571882,35.8589883]},"properties":{"name":"浦和","name_en":"Urawa","routes":["JR京浜東北線","JR宇都宮線","JR東北本線","きぬがわ","上野東京ライン","南新宿ライン","日光","湘南新宿ライン","高崎線"]}},{"type":"Feature","geometry":{"type":"Point","coordinates":[139.8981571,36.5592983]},"properties":{"name":"宇都宮","name_en":"Utsunomiya","routes":["JR宇都宮線","JR東北本線","つばさ","なすの","はやぶさ","やまびこ","南新宿ライン","東北新幹線","湘南新宿ライン"]}},{"type":"Feature","geometry":{"type":"Point","coordinates":[140.88214490625,38.25989035625]},"properties":{"name":"仙台","name_en":"Sendai","routes":["JR常磐線","JR東北本線","こまち","はやて","はやぶさ","ひたち","やまびこ","東北新幹線"]}},{"type":"Feature","geometry":{"type":"Point","coordinates":[139.7207999,35.7781394]},"properties":{"name":"赤羽","name_en":"Akabane","routes":["JR京浜東北線","JR埼京線","JR宇都宮線","JR東北本線","上野東京ライン","南新宿ライン","湘南新宿ライン","高崎線"]}},{"type":"Feature","geometry":{"type":"Point","coordinates":[139.7086461,35.6469738]},"properties":{"name":"恵比寿","name_en":"Ebisu","routes":["JR埼京線","JR山手線","南新宿ライン","東京メトロ日比谷線","湘南新宿ライン","相鉄・JR直通線","相鉄本線"]}},{"type":"Feature","geometry":{"type":"Point","coordinates":[139.8050915,35.7495401]},"properties":{"name":"北千住","name_en":"Kita-Senju","routes":["JR常磐線","JR常磐緩行線","つくばエクスプレス線","ひたち","千代田線","常磐線","東京メトロ日比谷線"]}},{"type":"Feature","geometry":{"type":"Point","coordinates":[139.8132943,35.7102863]},"properties":{"name":"押上〈スカイツリー前〉","name_en":"Oshiage 'SKYTREE'","routes":["エアポート成田空港駅","エアポート羽田空港第1・第2ターミナル駅","京成電鉄押上線","京浜電鉄","東京メトロ半蔵門線","東武スカイツリーライン","都営浅草線"]}},{"type":"Feature","geometry":{"type":"Point","coordinates":[139.7983683,35.7119514]},"properties":{"name":"浅草","name_en":"Asakusa","routes":["つくばエクスプレス線","エアポート成田空港駅","エアポート羽田空港第1・第2ターミナル駅","京浜電鉄","東京メトロ銀座線","東武スカイツリーライン","都営浅草線"]}},{"type":"Feature","geometry":{"type":"Point","coordinates":[139.534215,35.4005483]},"properties":{"name":"戸塚","name_en":"Totsuka","routes":["JR成田エクスプレス","JR東海道本線","上野東京ライン","南新宿ライン","横浜市営地下鉄ブルーライン","横須賀・総武線","湘南新宿ライン"]}},{"type":"Feature","geometry":{"type":"Point","coordinates":[139.8671221,35.7509396]},"properties":{"name":"京成高砂","name_en":"Keisei Takasago","routes":["京成成田空港アクセス","京成本線","京成本線・千葉線","京成本線・千葉線・千原線","京成電鉄金町線","京浜電鉄","北総線"]}},{"type":"Feature","geometry":{"type":"Point","coordinates":[139.507684,35.6038674]},"properties":{"name":"新百合ヶ丘","name_en":"Shin-Yurigaoka","routes":["えのしま","さがみ","はこね","ふじさん","小田急小田原線・江ノ島線","小田急電鉄多摩線","小田急電鉄小田原線"]}},{"type":"Feature","geometry":{"type":"Point","coordinates":[139.4378867,35.5321708]},"properties":{"name":"相模大野","name_en":"Sagami-Ono","routes":["えのしま","さがみ","はこね","ふじさん","小田急小田原線・江ノ島線","小田急江ノ島線","小田急電鉄小田原線"]}},{"type":"Feature","geometry":{"type":"Point","coordinates":[139.8065054,36.3129364]},"properties":{"name":"小山","name_en":"Oyama","routes":["JR宇都宮線","JR東北本線","つばさ","なすの","南新宿ライン","東北新幹線","湘南新宿ライン"]}},{"type":"Feature","geometry":{"type":"Point","coordinates":[139.7284866,35.6193903]},"properties":{"name":"大崎","name_en":"Osaki","routes":["JR埼京線","JR山手線","りんかい線","南新宿ライン","湘南新宿ライン","相鉄・JR直通線","相鉄本線"]}},{"type":"Feature","geometry":{"type":"Point","coordinates":[139.8560545,35.7455741]},"properties":{"name":"青砥","name_en":"Aoto","routes":["京成成田空港アクセス","京成本線","京成本線・千葉線","京成本線・千葉線・千原線","京成電鉄シテイライナー","京成電鉄押上線","京浜電鉄"]}},{"type":"Feature","geometry":{"type":"Point","coordinates":[139.7440022,35.7007418]},"properties":{"name":"飯田橋","name_en":"Iidabashi","routes":["S-Train","中央・総武緩行線","東京メトロ南北線","東京メトロ有楽町線","東京メトロ東西線","都営大江戸線"]}},{"type":"Feature","geometry":{"type":"Point","coordinates":[139.7744933,35.6822079]},"properties":{"name":"日本橋","name_en":"Nihombashi","routes":["エアポート成田空港駅","エアポート羽田空港第1・第2ターミナル駅","京浜電鉄","東京メトロ東西線","東京メトロ銀座線","都営浅草線"]}},{"type":"Feature","geometry":{"type":"Point","coordinates":[139.4135508,35.6979822]},"properties":{"name":"立川","name_en":"Tachikawa","routes":["JR中央線","JR中央線・青梅線立川","JR南武線","JR成田エクスプレス","JR青梅線","あずさ"]}},{"type":"Feature","geometry":{"type":"Point","coordinates":[139.6175837,35.5068329]},"properties":{"name":"新横浜","name_en":"Shin-yokohama","routes":["JR横浜線","こだま","のぞみ","東急新横浜線","横浜市営地下鉄ブルーライン","相鉄新横浜線"]}},{"type":"Feature","geometry":{"type":"Point","coordinates":[141.13659553333335,39.701357816666665]},"properties":{"name":"盛岡","name_en":"Morioka","routes":["JR東北本線","こまち","はやて","はやぶさ","やまびこ","東北新幹線"]}},{"type":"Feature","geometry":{"type":"Point","coordinates":[139.4451253,35.5440456]},"properties":{"name":"町田","name_en":"Machida","routes":["JR横浜線","さがみ","はこね","小田急小田原線・江ノ島線","小田急江ノ島線","小田急電鉄小田原線"]}},{"type":"Feature","geometry":{"type":"Point","coordinates":[139.4875052,35.3385903]},"properties":{"name":"藤沢","name_en":"Fujisawa","routes":["JR東海道本線","えのしま","小田急小田原線・江ノ島線","小田急江ノ島線","江ノ島電鉄","湘南新宿ライン"]}},{"type":"Feature","geometry":{"type":"Point","coordinates":[139.4733096,35.7867907]},"properties":{"name":"所沢","name_en":"Tokorozawa","routes":["S-Train","ちちぶ","小江戸","西武新宿線","西武有楽町・池袋線","西武鉄道池袋線"]}},{"type":"Feature","geometry":{"type":"Point","coordinates":[139.7241595,35.5613307]},"properties":{"name":"京急蒲田","name_en":"Keikyu Kamata","routes":["エアポート成田空港駅","エアポート羽田空港第1・第2ターミナル駅","京急空港線•本線•逗子線","京急逗子線•本線•空港線","京浜電鉄本線","京浜電鉄空港線"]}},{"type":"Feature","geometry":{"type":"Point","coordinates":[140.3859303,35.76525226]},"properties":{"name":"成田空港","name_en":"Narita Airport Terminal 1","routes":["JR成田エクスプレス","JR成田線","京成スカイライナー","京成成田空港アクセス","京成本線","京浜電鉄"]}},{"type":"Feature","geometry":{"type":"Point","coordinates":[140.38731076,35.77329508]},"properties":{"name":"空港第2ビル","name_en":"Narita Airport Terminal 2·3","routes":["JR成田エクスプレス","JR成田線","京成スカイライナー","京成成田空港アクセス","京成本線","京浜電鉄"]}},{"type":"Feature","geometry":{"type":"Point","coordinates":[139.7735044,35.7109406]},"properties":{"name":"京成上野","name_en":"Keisei-Ueno","routes":["京成スカイライナー","京成成田空港アクセス","京成本線","京成本線・千葉線","京成本線・千葉線・千原線","京成電鉄シテイライナー"]}},{"type":"Feature","geometry":{"type":"Point","coordinates":[139.7686524,35.5438875]},"properties":{"name":"羽田空港第3ターミナル","name_en":"Haneda Airport Terminal 3","routes":["エアポート成田空港駅","エアポート羽田空港第1・第2ターミナル駅","京急空港線•本線•逗子線","京急逗子線•本線•空港線","京浜電鉄","京浜電鉄空港線"]}},{"type":"Feature","geometry":{"type":"Point","coordinates":[139.7860924,35.5498485]},"properties":{"name":"羽田空港第1・第2ターミナル","name_en":"Haneda Airport Terminal 1・2","routes":["エアポート成田空港駅","エアポート羽田空港第1・第2ターミナル駅","京急空港線•本線•逗子線","京急逗子線•本線•空港線","京浜電鉄","京浜電鉄空港線"]}},{"type":"Feature","geometry":{"type":"Point","coordinates":[139.6540818,35.737877]},"properties":{"name":"練馬","name_en":"Nerima","routes":["S-Train","西武有楽町・池袋線","西武有楽町線","西武豊島線","西武鉄道池袋線","都営大江戸線"]}},{"type":"Feature","geometry":{"type":"Point","coordinates":[139.3394669,35.655389]},"properties":{"name":"八王子","name_en":"Hachioji","routes":["JR中央線","JR成田エクスプレス","JR横浜線","あずさ","八高線"]}},{"type":"Feature","geometry":{"type":"Point","coordinates":[139.3436264,35.7211328]},"properties":{"name":"拝島","name_en":"Haijima","routes":["JR五日市線","JR青梅線","八高線","拝島ライナー","西武拝島線"]}},{"type":"Feature","geometry":{"type":"Point","coordinates":[139.0127191,36.3223804]},"properties":{"name":"高崎","name_en":"Takasaki","routes":["あさま","たにがわ","八高線","湘南新宿ライン","高崎線"]}},{"type":"Feature","geometry":{"type":"Point","coordinates":[139.7743023,35.6988302]},"properties":{"name":"秋葉原","name_en":"Akihabara","routes":["JR京浜東北線","JR山手線","つくばエクスプレス線","中央・総武緩行線","東京メトロ日比谷線"]}},{"type":"Feature","geometry":{"type":"Point","coordinates":[139.7990144,35.7333017]},"properties":{"name":"南千住","name_en":"Minami-senju","routes":["JR常磐線","つくばエクスプレス線","ひたち","常磐線","東京メトロ日比谷線"]}},{"type":"Feature","geometry":{"type":"Point","coordinates":[139.7664613,35.6846087]},"properties":{"name":"大手町","name_en":"Otemachi","routes":["千代田線","東京メトロ丸ノ内線","東京メトロ半蔵門線","東京メトロ東西線","都営三田線"]}},{"type":"Feature","geometry":{"type":"Point","coordinates":[139.8150431,35.6963122]},"properties":{"name":"錦糸町","name_en":"Kinshicho","routes":["JR総武線","しおさい","中央・総武緩行線","東京メトロ半蔵門線","横須賀・総武線"]}},{"type":"Feature","geometry":{"type":"Point","coordinates":[139.7157717,35.6325078]},"properties":{"name":"目黒","name_en":"Meguro","routes":["JR山手線","東京メトロ南北線","東京地下鉄-目黒線","東急目黒線","都営三田線"]}},{"type":"Feature","geometry":{"type":"Point","coordinates":[139.7483983,35.6476619]},"properties":{"name":"三田","name_en":"Mita","routes":["エアポート成田空港駅","エアポート羽田空港第1・第2ターミナル駅","京浜電鉄","都営三田線","都営浅草線"]}},{"type":"Feature","geometry":{"type":"Point","coordinates":[139.9009417,35.7843061]},"properties":{"name":"松戸","name_en":"Matsudo","routes":["JR常磐線","JR常磐緩行線","ひたち","京成松戸線","常磐線"]}},{"type":"Feature","geometry":{"type":"Point","coordinates":[139.9710655,35.8623263]},"properties":{"name":"柏","name_en":"Kashiwa","routes":["JR常磐線","JR常磐緩行線","ひたち","常磐線","東武アーバンパークライン"]}},{"type":"Feature","geometry":{"type":"Point","coordinates":[140.0107711,35.872742]},"properties":{"name":"我孫子","name_en":"Abiko","routes":["JR常磐線","JR常磐緩行線","JR成田線我孫子","ひたち","常磐線"]}},{"type":"Feature","geometry":{"type":"Point","coordinates":[140.0633284,35.8961543]},"properties":{"name":"取手","name_en":"Toride","routes":["JR常磐線","JR常磐緩行線","ひたち","常磐線","関東鉄道常総線"]}},{"type":"Feature","geometry":{"type":"Point","coordinates":[139.9852496,35.7016567]},"properties":{"name":"船橋","name_en":"Funabashi","routes":["JR総武線","しおさい","中央・総武緩行線","東武アーバンパークライン","横須賀・総武線"]}},{"type":"Feature","geometry":{"type":"Point","coordinates":[139.6468752,35.5534689]},"properties":{"name":"日吉","name_en":"Hiyoshi","routes":["東京地下鉄-目黒線","東急新横浜線","東急東横線","東急目黒線","横浜市営地下鉄グリーンライン"]}},{"type":"Feature","geometry":{"type":"Point","coordinates":[140.38863526999998,37.39864963]},"properties":{"name":"郡山","name_en":"Koriyama","routes":["JR東北本線","つばさ","なすの","はやぶさ","やまびこ"]}},{"type":"Feature","geometry":{"type":"Point","coordinates":[140.45885733,37.75449999]},"properties":{"name":"福島","name_en":"Fukushima","routes":["JR東北本線","つばさ","はやぶさ","やまびこ","東北新幹線"]}},{"type":"Feature","geometry":{"type":"Point","coordinates":[139.9591019,35.7074794]},"properties":{"name":"西船橋","name_en":"Nishi-Funabashi","routes":["JR武蔵野線","中央・総武緩行線","京葉線","東京メトロ東西線","東葉高速線"]}},{"type":"Feature","geometry":{"type":"Point","coordinates":[139.7038744,35.7126401]},"properties":{"name":"高田馬場","name_en":"Takadanobaba","routes":["JR山手線","小江戸","拝島ライナー","東京メトロ東西線","西武新宿線"]}},{"type":"Feature","geometry":{"type":"Point","coordinates":[139.6201441,35.3311864]},"properties":{"name":"金沢八景","name_en":"Kanazawa-Hakkei","routes":["京急空港線•本線•逗子線","京急逗子線•本線•空港線","京浜電鉄本線","横浜シーサイドライン金沢シーサイドライン","逗子線"]}},{"type":"Feature","geometry":{"type":"Point","coordinates":[139.7400615,35.6387807]},"properties":{"name":"泉岳寺","name_en":"Sengakuji","routes":["エアポート成田空港駅","エアポート羽田空港第1・第2ターミナル駅","京浜電鉄","京浜電鉄本線","都営浅草線"]}},{"type":"Feature","geometry":{"type":"Point","coordinates":[140.0248164,35.6836333]},"properties":{"name":"京成津田沼","name_en":"Keisei Tsudanuma","routes":["京成本線","京成本線・千葉線","京成本線・千葉線・千原線","京成松戸線","京成電鉄千葉線"]}},{"type":"Feature","geometry":{"type":"Point","coordinates":[139.7547098,35.6569261]},"properties":{"name":"大門","name_en":"Daimon","routes":["エアポート成田空港駅","エアポート羽田空港第1・第2ターミナル駅","京浜電鉄","都営大江戸線","都営浅草線"]}},{"type":"Feature","geometry":{"type":"Point","coordinates":[139.7294667,35.5547016]},"properties":{"name":"糀谷","name_en":"Kojiya","routes":["エアポート成田空港駅","エアポート羽田空港第1・第2ターミナル駅","京急空港線•本線•逗子線","京急逗子線•本線•空港線","京浜電鉄空港線"]}},{"type":"Feature","geometry":{"type":"Point","coordinates":[139.7395158,35.5525175]},"properties":{"name":"大鳥居","name_en":"Otorii","routes":["エアポート成田空港駅","エアポート羽田空港第1・第2ターミナル駅","京急空港線•本線•逗子線","京急逗子線•本線•空港線","京浜電鉄空港線"]}},{"type":"Feature","geometry":{"type":"Point","coordinates":[139.7467757,35.5503099]},"properties":{"name":"穴守稲荷","name_en":"Anamori-Inari","routes":["エアポート成田空港駅","エアポート羽田空港第1・第2ターミナル駅","京急空港線•本線•逗子線","京急逗子線•本線•空港線","京浜電鉄空港線"]}},{"type":"Feature","geometry":{"type":"Point","coordinates":[139.7543773,35.5489693]},"properties":{"name":"天空橋","name_en":"Tenkubashi","routes":["エアポート成田空港駅","エアポート羽田空港第1・第2ターミナル駅","京急空港線•本線•逗子線","京急逗子線•本線•空港線","京浜電鉄空港線"]}},{"type":"Feature","geometry":{"type":"Point","coordinates":[139.999507,35.7803426]},"properties":{"name":"新鎌ヶ谷","name_en":"Shin-Kamagaya","routes":["京成成田空港アクセス","京成松戸線","京浜電鉄","北総線","東武アーバンパークライン"]}},{"type":"Feature","geometry":{"type":"Point","coordinates":[139.1552509,35.2561819]},"properties":{"name":"小田原","name_en":"Odawara","routes":["JR東海道本線","こだま","スーパーはこね","小田急電鉄小田原線","湘南新宿ライン"]}},{"type":"Feature","geometry":{"type":"Point","coordinates":[139.7216714,35.6018658]},"properties":{"name":"西大井","name_en":"Nishi-Oi","routes":["南新宿ライン","横須賀・総武線","湘南新宿ライン","相鉄・JR直通線","相鉄本線"]}},{"type":"Feature","geometry":{"type":"Point","coordinates":[139.6339481,35.8936374]},"properties":{"name":"さいたま新都心","name_en":"Saitama-Shintoshin","routes":["JR京浜東北線","JR宇都宮線","JR東北本線","上野東京ライン","高崎線"]}},{"type":"Feature","geometry":{"type":"Point","coordinates":[139.4614678,35.4699613]},"properties":{"name":"大和","name_en":"Yamato","routes":["えのしま","小田急小田原線・江ノ島線","小田急江ノ島線","相鉄・JR直通線","相鉄本線"]}},{"type":"Feature","geometry":{"type":"Point","coordinates":[139.7662986,35.6949465]},"properties":{"name":"小川町","name_en":"Ogawamachi","routes":["TJライナー","八高線","東武東上線","都営新宿線"]}},{"type":"Feature","geometry":{"type":"Point","coordinates":[139.6795267,35.7433734]},"properties":{"name":"小竹向原","name_en":"Kotake-mukaihara","routes":["東京メトロ副都心線","東京メトロ有楽町線","西武有楽町・池袋線","西武有楽町線"]}},{"type":"Feature","geometry":{"type":"Point","coordinates":[139.7630483,35.6749598]},"properties":{"name":"有楽町","name_en":"Yurakucho","routes":["JR京浜東北線","JR山手線","S-Train","東京メトロ有楽町線"]}},{"type":"Feature","geometry":{"type":"Point","coordinates":[139.7709112,35.6917939]},"properties":{"name":"神田","name_en":"Kanda","routes":["JR中央線","JR京浜東北線","JR山手線","東京メトロ銀座線"]}},{"type":"Feature","geometry":{"type":"Point","coordinates":[139.7299237,35.6849915]},"properties":{"name":"四ツ谷","name_en":"Yotsuya","routes":["JR中央線","中央・総武緩行線","東京メトロ丸ノ内線","東京メトロ南北線"]}},{"type":"Feature","geometry":{"type":"Point","coordinates":[139.7666684,35.7322021]},"properties":{"name":"西日暮里","name_en":"Nishi-Nippori","routes":["JR京浜東北線","JR山手線","千代田線","日暮里・舎人ライナー"]}},{"type":"Feature","geometry":{"type":"Point","coordinates":[139.7800901,35.7421779]},"properties":{"name":"町屋","name_en":"Machiya","routes":["京成本線","京成本線・千葉線","京成本線・千葉線・千原線","千代田線"]}},{"type":"Feature","geometry":{"type":"Point","coordinates":[139.5504286,35.3191187]},"properties":{"name":"鎌倉","name_en":"Kamakura","routes":["南新宿ライン","横須賀線","江ノ島電鉄","湘南新宿ライン"]}},{"type":"Feature","geometry":{"type":"Point","coordinates":[139.696893,35.531404]},"properties":{"name":"川崎","name_en":"Kawasaki","routes":["JR京浜東北線","JR南武線","JR東海道本線","上野東京ライン"]}},{"type":"Feature","geometry":{"type":"Point","coordinates":[140.0408889,35.8725271]},"properties":{"name":"天王台","name_en":"Tennodai","routes":["JR常磐線","JR常磐緩行線","ひたち","常磐線"]}},{"type":"Feature","geometry":{"type":"Point","coordinates":[139.6465157,35.6538239]},"properties":{"name":"山下","name_en":"Yamashita","routes":["JR常磐線","ひたち","東急電鉄世田谷線","東急電鉄世田谷線三軒茶屋"]}},{"type":"Feature","geometry":{"type":"Point","coordinates":[139.6020598,35.4232893]},"properties":{"name":"弘明寺","name_en":"Gumyoji","routes":["京急空港線•本線•逗子線","京急逗子線•本線•空港線","京浜電鉄本線","横浜市営地下鉄ブルーライン"]}},{"type":"Feature","geometry":{"type":"Point","coordinates":[139.4670779,35.3964453]},"properties":{"name":"湘南台","name_en":"Shonandai","routes":["小田急小田原線・江ノ島線","小田急江ノ島線","横浜市営地下鉄ブルーライン","相模鉄道いずみ野線"]}},{"type":"Feature","geometry":{"type":"Point","coordinates":[139.3894064,35.4543232]},"properties":{"name":"海老名","name_en":"Ebina","routes":["小田急電鉄小田原線","相模線","相鉄・JR直通線","相鉄本線"]}},{"type":"Feature","geometry":{"type":"Point","coordinates":[139.3642806,35.4393177]},"properties":{"name":"本厚木","name_en":"Hon-Atsugi","routes":["さがみ","はこね","ふじさん","小田急電鉄小田原線"]}},{"type":"Feature","geometry":{"type":"Point","coordinates":[139.2257281,35.3702949]},"properties":{"name":"秦野","name_en":"Hadano","routes":["さがみ","はこね","ふじさん","小田急電鉄小田原線"]}},{"type":"Feature","geometry":{"type":"Point","coordinates":[139.4803582,35.7001003]},"properties":{"name":"国分寺","name_en":"Kokubunji","routes":["JR中央線","JR成田エクスプレス","西武国分寺線","西武多摩湖線"]}},{"type":"Feature","geometry":{"type":"Point","coordinates":[139.4659028,35.7604737]},"properties":{"name":"東村山","name_en":"Higashi-Murayama","routes":["小江戸","西武国分寺線","西武園線","西武新宿線"]}},{"type":"Feature","geometry":{"type":"Point","coordinates":[139.6687943,35.5896908]},"properties":{"name":"多摩川","name_en":"Tamagawa","routes":["東京地下鉄-目黒線","東急多摩川線","東急東横線","東急目黒線"]}},{"type":"Feature","geometry":{"type":"Point","coordinates":[140.22610236363636,35.709652]},"properties":{"name":"佐倉","name_en":"Sakura","routes":["JR成田エクスプレス","JR成田線","しおさい","総武本線"]}},{"type":"Feature","geometry":{"type":"Point","coordinates":[140.1311573,35.5813725]},"properties":{"name":"蘇我","name_en":"Soga","routes":["JRさざなみ","JR京葉線","JR内房線","JR外房線"]}},{"type":"Feature","geometry":{"type":"Point","coordinates":[139.9431054,35.7699563]},"properties":{"name":"東松戸","name_en":"Higashi-Matsudo","routes":["JR武蔵野線","京成成田空港アクセス","京浜電鉄","北総線"]}},{"type":"Feature","geometry":{"type":"Point","coordinates":[139.5803077,35.7031413]},"properties":{"name":"吉祥寺","name_en":"Kichijoji","routes":["JR中央線","JR成田エクスプレス","中央・総武緩行線","京王電鉄井の頭線"]}},{"type":"Feature","geometry":{"type":"Point","coordinates":[139.5656561,35.4781303]},"properties":{"name":"西谷","name_en":"Nishiya","routes":["相模鉄道いずみ野線","相鉄・JR直通線","相鉄新横浜線","相鉄本線"]}},{"type":"Feature","geometry":{"type":"Point","coordinates":[139.6158657,35.3835666]},"properties":{"name":"杉田","name_en":"Sugita","routes":["JR東北本線","京急空港線•本線•逗子線","京急逗子線•本線•空港線","京浜電鉄本線"]}},{"type":"Feature","geometry":{"type":"Point","coordinates":[139.5959771,35.4090326]},"properties":{"name":"上大岡","name_en":"Kamiooka","routes":["京急空港線•本線•逗子線","京急逗子線•本線•空港線","京浜電鉄本線","横浜市営地下鉄ブルーライン"]}},{"type":"Feature","geometry":{"type":"Point","coordinates":[139.7007815,35.53283]},"properties":{"name":"京急川崎","name_en":"Keikyu Kawasaki","routes":["京急空港線•本線•逗子線","京急逗子線•本線•空港線","京浜電鉄大師線","京浜電鉄本線"]}},{"type":"Feature","geometry":{"type":"Point","coordinates":[140.1178399,35.6073248]},"properties":{"name":"千葉中央","name_en":"Chiba-Chuo","routes":["京成本線・千葉線","京成本線・千葉線・千原線","京成電鉄千原線","京成電鉄千葉線"]}},{"type":"Feature","geometry":{"type":"Point","coordinates":[139.7848848,35.6921239]},"properties":{"name":"東日本橋","name_en":"Higashi-nihombashi","routes":["エアポート成田空港駅","エアポート羽田空港第1・第2ターミナル駅","京浜電鉄","都営浅草線"]}},{"type":"Feature","geometry":{"type":"Point","coordinates":[139.4882532,35.7370404]},"properties":{"name":"小平","name_en":"Kodaira","routes":["小江戸","拝島ライナー","西武拝島線","西武新宿線"]}},{"type":"Feature","geometry":{"type":"Point","coordinates":[139.9856338,35.7002308]},"properties":{"name":"京成船橋","name_en":"Keisei Funabashi","routes":["京成本線","京成本線・千葉線","京成本線・千葉線・千原線","京成電鉄シテイライナー"]}},{"type":"Feature","geometry":{"type":"Point","coordinates":[139.38993971428573,36.13942135714286]},"properties":{"name":"熊谷","name_en":"Kumagaya","routes":["あさま","たにがわ","湘南新宿ライン","高崎線"]}},{"type":"Feature","geometry":{"type":"Point","coordinates":[139.877003,36.493927250000006]},"properties":{"name":"雀宮","name_en":"Suzumenomiya","routes":["JR宇都宮線","JR東北本線","南新宿ライン","湘南新宿ライン"]}},{"type":"Feature","geometry":{"type":"Point","coordinates":[139.8665122,36.4364953]},"properties":{"name":"石橋","name_en":"Ishibashi","routes":["JR宇都宮線","JR東北本線","南新宿ライン","湘南新宿ライン"]}},{"type":"Feature","geometry":{"type":"Point","coordinates":[139.8545254,36.3953175]},"properties":{"name":"自治医大","name_en":"Jichi Medical University","routes":["JR宇都宮線","JR東北本線","南新宿ライン","湘南新宿ライン"]}},{"type":"Feature","geometry":{"type":"Point","coordinates":[139.8419693,36.3743446]},"properties":{"name":"小金井","name_en":"Koganei","routes":["JR宇都宮線","JR東北本線","南新宿ライン","湘南新宿ライン"]}},{"type":"Feature","geometry":{"type":"Point","coordinates":[139.761192,36.258002]},"properties":{"name":"間々田","name_en":"Mamada","routes":["JR宇都宮線","JR東北本線","南新宿ライン","湘南新宿ライン"]}},{"type":"Feature","geometry":{"type":"Point","coordinates":[139.735052,36.2303052]},"properties":{"name":"野木","name_en":"Nogi","routes":["JR宇都宮線","JR東北本線","南新宿ライン","湘南新宿ライン"]}},{"type":"Feature","geometry":{"type":"Point","coordinates":[139.7095071,36.1945874]},"properties":{"name":"古河","name_en":"Koga","routes":["JR宇都宮線","JR東北本線","南新宿ライン","湘南新宿ライン"]}},{"type":"Feature","geometry":{"type":"Point","coordinates":[139.67953070000002,36.089518500000004]},"properties":{"name":"東鷲宮","name_en":"Higashi-Washinomiya","routes":["JR宇都宮線","JR東北本線","南新宿ライン","湘南新宿ライン"]}},{"type":"Feature","geometry":{"type":"Point","coordinates":[139.6775246,36.0656137]},"properties":{"name":"久喜","name_en":"Kuki","routes":["JR宇都宮線","JR東北本線","南新宿ライン","湘南新宿ライン"]}},{"type":"Feature","geometry":{"type":"Point","coordinates":[139.6720894,36.0386605]},"properties":{"name":"新白岡","name_en":"Shin-Shiraoka","routes":["JR宇都宮線","JR東北本線","南新宿ライン","湘南新宿ライン"]}},{"type":"Feature","geometry":{"type":"Point","coordinates":[139.6669008,36.0174085]},"properties":{"name":"白岡","name_en":"Shiraoka","routes":["JR宇都宮線","JR東北本線","南新宿ライン","湘南新宿ライン"]}},{"type":"Feature","geometry":{"type":"Point","coordinates":[139.6530635,35.9813997]},"properties":{"name":"蓮田","name_en":"Hasuda","routes":["JR宇都宮線","JR東北本線","南新宿ライン","湘南新宿ライン"]}},{"type":"Feature","geometry":{"type":"Point","coordinates":[139.6403108,35.9487666]},"properties":{"name":"東大宮","name_en":"Higashi-Omiya","routes":["JR宇都宮線","JR東北本線","南新宿ライン","湘南新宿ライン"]}},{"type":"Feature","geometry":{"type":"Point","coordinates":[139.6321346,35.9317759]},"properties":{"name":"土呂","name_en":"Toro","routes":["JR宇都宮線","JR東北本線","南新宿ライン","湘南新宿ライン"]}},{"type":"Feature","geometry":{"type":"Point","coordinates":[139.7536603,35.7469091]},"properties":{"name":"尾久","name_en":"Oku","routes":["JR宇都宮線","JR東北本線","上野東京ライン","高崎線"]}},{"type":"Feature","geometry":{"type":"Point","coordinates":[140.0210685,36.9315325]},"properties":{"name":"那須塩原","name_en":"Nasushiobara","routes":["JR宇都宮線","JR東北本線","なすの","東北新幹線"]}},{"type":"Feature","geometry":{"type":"Point","coordinates":[141.1388600125,38.9264810125]},"properties":{"name":"一ノ関","name_en":"Ichinoseki","routes":["JR東北本線","はやぶさ","やまびこ","東北新幹線"]}},{"type":"Feature","geometry":{"type":"Point","coordinates":[141.1224107375,39.2820236125]},"properties":{"name":"北上","name_en":"Kitakami","routes":["JR東北本線","はやぶさ","やまびこ","東北新幹線"]}},{"type":"Feature","geometry":{"type":"Point","coordinates":[139.4560657,35.7889568]},"properties":{"name":"西所沢","name_en":"Nishi-Tokorozawa","routes":["S-Train","西武有楽町・池袋線","西武鉄道池袋線","西武鉄道狭山線"]}},{"type":"Feature","geometry":{"type":"Point","coordinates":[139.4445901,35.5075814]},"properties":{"name":"中央林間","name_en":"Chuo-rinkan","routes":["小田急小田原線・江ノ島線","小田急江ノ島線","東急田園都市線"]}},{"type":"Feature","geometry":{"type":"Point","coordinates":[139.4952527,35.5317037]},"properties":{"name":"長津田","name_en":"Nagatsuta","routes":["JR横浜線","東急こどもの国線","東急田園都市線"]}},{"type":"Feature","geometry":{"type":"Point","coordinates":[139.669068,35.6440586]},"properties":{"name":"三軒茶屋","name_en":"Sangen-jaya","routes":["東急田園都市線","東急電鉄世田谷線","東急電鉄世田谷線三軒茶屋"]}},{"type":"Feature","geometry":{"type":"Point","coordinates":[139.7582694,35.695008]},"properties":{"name":"神保町","name_en":"Jimbocho","routes":["東京メトロ半蔵門線","都営三田線","都営新宿線"]}},{"type":"Feature","geometry":{"type":"Point","coordinates":[139.7512822,35.6959079]},"properties":{"name":"九段下","name_en":"Kudanshita","routes":["東京メトロ半蔵門線","東京メトロ東西線","都営新宿線"]}},{"type":"Feature","geometry":{"type":"Point","coordinates":[139.7047597,35.6907365]},"properties":{"name":"新宿三丁目","name_en":"Shinjuku-sanchome","routes":["東京メトロ丸ノ内線","東京メトロ副都心線","都営新宿線"]}},{"type":"Feature","geometry":{"type":"Point","coordinates":[139.6126725,35.7884097]},"properties":{"name":"和光市","name_en":"Wakoshi","routes":["東京メトロ副都心線","東京メトロ有楽町線","東武東上線"]}},{"type":"Feature","geometry":{"type":"Point","coordinates":[139.6541369,35.7576885]},"properties":{"name":"平和台","name_en":"Heiwadai","routes":["東京メトロ副都心線","東京メトロ有楽町線","総武流山電鉄"]}},{"type":"Feature","geometry":{"type":"Point","coordinates":[139.7415775,35.6779456]},"properties":{"name":"永田町","name_en":"Nagatacho","routes":["東京メトロ半蔵門線","東京メトロ南北線","東京メトロ有楽町線"]}},{"type":"Feature","geometry":{"type":"Point","coordinates":[139.7954103,35.6537483]},"properties":{"name":"豊洲","name_en":"Toyosu","routes":["S-Train","ゆりかもめ","東京メトロ有楽町線"]}},{"type":"Feature","geometry":{"type":"Point","coordinates":[139.8272901,35.6461392]},"properties":{"name":"新木場","name_en":"Shin-kiba","routes":["JR京葉線","りんかい線","東京メトロ有楽町線"]}},{"type":"Feature","geometry":{"type":"Point","coordinates":[139.7516221,35.6725014]},"properties":{"name":"霞ケ関","name_en":"Kasumigaseki","routes":["千代田線","東京メトロ丸ノ内線","東京メトロ日比谷線"]}},{"type":"Feature","geometry":{"type":"Point","coordinates":[139.7583499,35.6737302]},"properties":{"name":"日比谷","name_en":"Hibiya","routes":["千代田線","東京メトロ日比谷線","都営三田線"]}},{"type":"Feature","geometry":{"type":"Point","coordinates":[139.7631029,35.6728411]},"properties":{"name":"銀座","name_en":"Ginza","routes":["東京メトロ丸ノ内線","東京メトロ日比谷線","東京メトロ銀座線"]}},{"type":"Feature","geometry":{"type":"Point","coordinates":[139.7125432,35.6651609]},"properties":{"name":"表参道","name_en":"Omote-sando","routes":["千代田線","東京メトロ半蔵門線","東京メトロ銀座線"]}},{"type":"Feature","geometry":{"type":"Point","coordinates":[139.7240186,35.6727797]},"properties":{"name":"青山一丁目","name_en":"Aoyama-itchome","routes":["東京メトロ半蔵門線","東京メトロ銀座線","都営大江戸線"]}},{"type":"Feature","geometry":{"type":"Point","coordinates":[139.6201587,35.7044803]},"properties":{"name":"荻窪","name_en":"Ogikubo","routes":["JR中央線","中央・総武緩行線","東京メトロ丸ノ内線"]}},{"type":"Feature","geometry":{"type":"Point","coordinates":[139.7649486,35.6996103]},"properties":{"name":"御茶ノ水","name_en":"Ochanomizu","routes":["JR中央線","中央・総武緩行線","東京メトロ丸ノ内線"]}},{"type":"Feature","geometry":{"type":"Point","coordinates":[139.6797884,35.6690082]},"properties":{"name":"代々木上原","name_en":"Yoyogi-Uehara","routes":["千代田線","小田急小田原線・江ノ島線","小田急電鉄小田原線"]}},{"type":"Feature","geometry":{"type":"Point","coordinates":[139.8248669,35.7621283]},"properties":{"name":"綾瀬","name_en":"Ayase","routes":["JR常磐緩行線","千代田線","東京メトロ千代田線"]}},{"type":"Feature","geometry":{"type":"Point","coordinates":[139.57887169999998,35.2976186]},"properties":{"name":"逗子","name_en":"Zushi","routes":["南新宿ライン","横須賀線","湘南新宿ライン"]}},{"type":"Feature","geometry":{"type":"Point","coordinates":[139.5452639,35.3373128]},"properties":{"name":"北鎌倉","name_en":"Kita-Kamakura","routes":["南新宿ライン","横須賀線","湘南新宿ライン"]}},{"type":"Feature","geometry":{"type":"Point","coordinates":[139.570006,35.6208193]},"properties":{"name":"登戸","name_en":"Noborito","routes":["JR南武線","小田急小田原線・江ノ島線","小田急電鉄小田原線"]}},{"type":"Feature","geometry":{"type":"Point","coordinates":[139.7773921,35.7333434]},"properties":{"name":"三河島","name_en":"Mikawashima","routes":["JR常磐線","ひたち","常磐線"]}},{"type":"Feature","geometry":{"type":"Point","coordinates":[140.86395553333332,38.112120266666665]},"properties":{"name":"岩沼","name_en":"Iwanuma","routes":["JR常磐線","JR東北本線","ひたち"]}},{"type":"Feature","geometry":{"type":"Point","coordinates":[140.88030262,38.14311868]},"properties":{"name":"館腰","name_en":"Tatekoshi","routes":["JR常磐線","JR東北本線","ひたち"]}},{"type":"Feature","geometry":{"type":"Point","coordinates":[140.88276797999998,38.173353500000005]},"properties":{"name":"名取","name_en":"Natori","routes":["JR常磐線","JR東北本線","ひたち"]}},{"type":"Feature","geometry":{"type":"Point","coordinates":[140.8833805,38.197338359999996]},"properties":{"name":"南仙台","name_en":"Minami-Sendai","routes":["JR常磐線","JR東北本線","ひたち"]}},{"type":"Feature","geometry":{"type":"Point","coordinates":[140.88341572000002,38.21782426]},"properties":{"name":"太子堂","name_en":"Taishido","routes":["JR常磐線","JR東北本線","ひたち"]}},{"type":"Feature","geometry":{"type":"Point","coordinates":[140.88554010000001,38.2268058]},"properties":{"name":"長町","name_en":"Nagamachi","routes":["JR常磐線","JR東北本線","ひたち"]}},{"type":"Feature","geometry":{"type":"Point","coordinates":[140.0925674,35.6370846]},"properties":{"name":"稲毛","name_en":"Inage","routes":["JR総武線","中央・総武緩行線","横須賀・総武線"]}},{"type":"Feature","geometry":{"type":"Point","coordinates":[140.02019,35.6913892]},"properties":{"name":"津田沼","name_en":"Tsudanuma","routes":["JR総武線","中央・総武緩行線","横須賀・総武線"]}},{"type":"Feature","geometry":{"type":"Point","coordinates":[139.9081729,35.7288741]},"properties":{"name":"市川","name_en":"Ichikawa","routes":["JR総武線","中央・総武緩行線","横須賀・総武線"]}},{"type":"Feature","geometry":{"type":"Point","coordinates":[139.8580706,35.7169836]},"properties":{"name":"新小岩","name_en":"Shin-Koiwa","routes":["JR総武線","中央・総武緩行線","横須賀・総武線"]}},{"type":"Feature","geometry":{"type":"Point","coordinates":[139.6310016,35.4510054]},"properties":{"name":"桜木町","name_en":"Sakuragicho","routes":["JR根岸線","JR横浜線","横浜市営地下鉄ブルーライン"]}},{"type":"Feature","geometry":{"type":"Point","coordinates":[139.3190593,35.8510047]},"properties":{"name":"飯能","name_en":"Hanno","routes":["ちちぶ","西武有楽町・池袋線","西武鉄道池袋線"]}},{"type":"Feature","geometry":{"type":"Point","coordinates":[141.21760079999999,39.96061945]},"properties":{"name":"いわて沼宮内","name_en":"Iwate-Numakunai","routes":["はやて","はやぶさ","東北新幹線"]}},{"type":"Feature","geometry":{"type":"Point","coordinates":[141.2858172,40.260167349999996]},"properties":{"name":"二戸","name_en":"Ninohe","routes":["はやて","はやぶさ","東北新幹線"]}},{"type":"Feature","geometry":{"type":"Point","coordinates":[141.43089895,40.50934035]},"properties":{"name":"八戸","name_en":"Hachinohe","routes":["はやて","はやぶさ","東北新幹線"]}},{"type":"Feature","geometry":{"type":"Point","coordinates":[141.1535294,40.720056]},"properties":{"name":"七戸十和田","name_en":"Shichinohe-Towada","routes":["はやて","はやぶさ","東北新幹線"]}},{"type":"Feature","geometry":{"type":"Point","coordinates":[140.69347205,40.828259100000004]},"properties":{"name":"新青森","name_en":"Shin-Aomori","routes":["はやて","はやぶさ","東北新幹線"]}},{"type":"Feature","geometry":{"type":"Point","coordinates":[139.3449124,35.5948686]},"properties":{"name":"橋本","name_en":"Hashimoto","routes":["JR横浜線","京王電鉄相模原線","相模線"]}},{"type":"Feature","geometry":{"type":"Point","coordinates":[139.4074613,35.3306242]},"properties":{"name":"茅ヶ崎","name_en":"Chigasaki","routes":["JR東海道本線","湘南新宿ライン","相模線"]}},{"type":"Feature","geometry":{"type":"Point","coordinates":[139.07795221111112,35.10398823333333]},"properties":{"name":"熱海","name_en":"Atami","routes":["JR東海道本線","こだま","踊り子"]}},{"type":"Feature","geometry":{"type":"Point","coordinates":[139.4635507,35.7374095]},"properties":{"name":"小川","name_en":"Ogawa","routes":["拝島ライナー","西武国分寺線","西武拝島線"]}},{"type":"Feature","geometry":{"type":"Point","coordinates":[139.4771811,35.7406792]},"properties":{"name":"萩山","name_en":"Hagiyama","routes":["拝島ライナー","西武多摩湖線","西武拝島線"]}},{"type":"Feature","geometry":{"type":"Point","coordinates":[139.6540638,35.5644487]},"properties":{"name":"元住吉","name_en":"Motosumiyoshi","routes":["東京地下鉄-目黒線","東急東横線","東急目黒線"]}},{"type":"Feature","geometry":{"type":"Point","coordinates":[139.6620517,35.5806646]},"properties":{"name":"新丸子","name_en":"Shin-maruko","routes":["東京地下鉄-目黒線","東急東横線","東急目黒線"]}},{"type":"Feature","geometry":{"type":"Point","coordinates":[139.6673676,35.5968896]},"properties":{"name":"田園調布","name_en":"Den-en-chofu","routes":["東京地下鉄-目黒線","東急東横線","東急目黒線"]}},{"type":"Feature","geometry":{"type":"Point","coordinates":[139.9955434,35.6819756]},"properties":{"name":"南船橋","name_en":"Minami-Funabashi","routes":["JR京葉線","JR武蔵野線","京葉線"]}},{"type":"Feature","geometry":{"type":"Point","coordinates":[139.665633,35.7058302]},"properties":{"name":"中野","name_en":"Nakano","routes":["JR中央線","中央・総武緩行線","東京メトロ東西線"]}},{"type":"Feature","geometry":{"type":"Point","coordinates":[139.560901,35.7027148]},"properties":{"name":"三鷹","name_en":"Mitaka","routes":["JR中央線","JR成田エクスプレス","中央・総武緩行線"]}},{"type":"Feature","geometry":{"type":"Point","coordinates":[139.2816337,35.64166]},"properties":{"name":"高尾","name_en":"Takao","routes":["JR中央線","JR成田エクスプレス","高尾線"]}},{"type":"Feature","geometry":{"type":"Point","coordinates":[139.54966345,35.4750289]},"properties":{"name":"鶴ヶ峰","name_en":"Tsurugamine","routes":["相模鉄道いずみ野線","相鉄・JR直通線","相鉄本線"]}},{"type":"Feature","geometry":{"type":"Point","coordinates":[139.5322366,35.4634653]},"properties":{"name":"二俣川","name_en":"Futamatagawa","routes":["相模鉄道いずみ野線","相鉄・JR直通線","相鉄本線"]}},{"type":"Feature","geometry":{"type":"Point","coordinates":[139.7236303,35.6262562]},"properties":{"name":"五反田","name_en":"Gotanda","routes":["JR山手線","東急池上線","都営浅草線"]}},{"type":"Feature","geometry":{"type":"Point","coordinates":[139.7020806,35.6839514]},"properties":{"name":"代々木","name_en":"Yoyogi","routes":["JR山手線","中央・総武緩行線","都営大江戸線"]}},{"type":"Feature","geometry":{"type":"Point","coordinates":[139.39389313750002,35.9570838375]},"properties":{"name":"坂戸","name_en":"Sakado","routes":["TJライナー","東武東上線","東武越生線"]}},{"type":"Feature","geometry":{"type":"Point","coordinates":[139.482954,35.9069901]},"properties":{"name":"川越","name_en":"Kawagoe","routes":["TJライナー","川越線","東武東上線"]}},{"type":"Feature","geometry":{"type":"Point","coordinates":[139.3901317,35.8426832]},"properties":{"name":"入間市","name_en":"Irumashi","routes":["ちちぶ","西武有楽町・池袋線","西武鉄道池袋線"]}},{"type":"Feature","geometry":{"type":"Point","coordinates":[139.6216115,35.3430205]},"properties":{"name":"金沢文庫","name_en":"Kanazawa-bunko","routes":["京急空港線•本線•逗子線","京急逗子線•本線•空港線","京浜電鉄本線"]}},{"type":"Feature","geometry":{"type":"Point","coordinates":[139.6294203,35.3608505]},"properties":{"name":"能見台","name_en":"Nokendai","routes":["京急空港線•本線•逗子線","京急逗子線•本線•空港線","京浜電鉄本線"]}},{"type":"Feature","geometry":{"type":"Point","coordinates":[139.6005383,35.4339314]},"properties":{"name":"井土ヶ谷","name_en":"Idogaya","routes":["京急空港線•本線•逗子線","京急逗子線•本線•空港線","京浜電鉄本線"]}},{"type":"Feature","geometry":{"type":"Point","coordinates":[139.6267113,35.4455466]},"properties":{"name":"日ノ出町","name_en":"Hinodecho","routes":["京急空港線•本線•逗子線","京急逗子線•本線•空港線","京浜電鉄本線"]}},{"type":"Feature","geometry":{"type":"Point","coordinates":[139.6345454,35.477267]},"properties":{"name":"京急東神奈川","name_en":"Keikyu Higashi-Kanagawa","routes":["京急空港線•本線•逗子線","京急逗子線•本線•空港線","京浜電鉄本線"]}},{"type":"Feature","geometry":{"type":"Point","coordinates":[139.6399999,35.4814272]},"properties":{"name":"神奈川新町","name_en":"Kanagawa-shimmachi","routes":["京急空港線•本線•逗子線","京急逗子線•本線•空港線","京浜電鉄本線"]}},{"type":"Feature","geometry":{"type":"Point","coordinates":[139.6780206,35.5072931]},"properties":{"name":"京急鶴見","name_en":"Keikyu Tsurumi","routes":["京急空港線•本線•逗子線","京急逗子線•本線•空港線","京浜電鉄本線"]}},{"type":"Feature","geometry":{"type":"Point","coordinates":[139.7349686,35.5787037]},"properties":{"name":"平和島","name_en":"Heiwajima","routes":["エアポート成田空港駅","エアポート羽田空港第1・第2ターミナル駅","京浜電鉄本線"]}},{"type":"Feature","geometry":{"type":"Point","coordinates":[139.7389803,35.5986986]},"properties":{"name":"立会川","name_en":"Tachiaigawa","routes":["エアポート成田空港駅","エアポート羽田空港第1・第2ターミナル駅","京浜電鉄本線"]}},{"type":"Feature","geometry":{"type":"Point","coordinates":[139.7430769,35.6088735]},"properties":{"name":"青物横丁","name_en":"Aomono-yokocho","routes":["エアポート成田空港駅","エアポート羽田空港第1・第2ターミナル駅","京浜電鉄本線"]}},{"type":"Feature","geometry":{"type":"Point","coordinates":[139.5802814,35.2940533]},"properties":{"name":"逗子・葉山","name_en":"Zushi・Hayama","routes":["京急空港線•本線•逗子線","京急逗子線•本線•空港線","逗子線"]}},{"type":"Feature","geometry":{"type":"Point","coordinates":[139.5932669,35.306427]},"properties":{"name":"神武寺","name_en":"Jimmuji","routes":["京急空港線•本線•逗子線","京急逗子線•本線•空港線","逗子線"]}},{"type":"Feature","geometry":{"type":"Point","coordinates":[139.6112899,35.3225918]},"properties":{"name":"六浦","name_en":"Mutsuura","routes":["京急空港線•本線•逗子線","京急逗子線•本線•空港線","逗子線"]}},{"type":"Feature","geometry":{"type":"Point","coordinates":[140.0421251,35.672623]},"properties":{"name":"京成幕張本郷","name_en":"Keisei Makuhari-Hongo","routes":["京成本線・千葉線","京成本線・千葉線・千原線","京成電鉄千葉線"]}},{"type":"Feature","geometry":{"type":"Point","coordinates":[140.0556604,35.6609528]},"properties":{"name":"京成幕張","name_en":"Keisei Makuhari","routes":["京成本線・千葉線","京成本線・千葉線・千原線","京成電鉄千葉線"]}},{"type":"Feature","geometry":{"type":"Point","coordinates":[140.066294,35.6526017]},"properties":{"name":"検見川","name_en":"Kemigawa","routes":["京成本線・千葉線","京成本線・千葉線・千原線","京成電鉄千葉線"]}},{"type":"Feature","geometry":{"type":"Point","coordinates":[140.0856084,35.6376426]},"properties":{"name":"京成稲毛","name_en":"Keisei Inage","routes":["京成本線・千葉線","京成本線・千葉線・千原線","京成電鉄千葉線"]}},{"type":"Feature","geometry":{"type":"Point","coordinates":[140.0977059,35.6248017]},"properties":{"name":"みどり台","name_en":"Midoridai","routes":["京成本線・千葉線","京成本線・千葉線・千原線","京成電鉄千葉線"]}},{"type":"Feature","geometry":{"type":"Point","coordinates":[140.1029283,35.6174601]},"properties":{"name":"西登戸","name_en":"Nishi-Nobuto","routes":["京成本線・千葉線","京成本線・千葉線・千原線","京成電鉄千葉線"]}},{"type":"Feature","geometry":{"type":"Point","coordinates":[140.1082949,35.6125515]},"properties":{"name":"新千葉","name_en":"Shin-Chiba","routes":["京成本線・千葉線","京成本線・千葉線・千原線","京成電鉄千葉線"]}},{"type":"Feature","geometry":{"type":"Point","coordinates":[140.1143016,35.6116663]},"properties":{"name":"京成千葉","name_en":"Keisei Chiba","routes":["京成本線・千葉線","京成本線・千葉線・千原線","京成電鉄千葉線"]}},{"type":"Feature","geometry":{"type":"Point","coordinates":[139.9262431,35.3816066]},"properties":{"name":"木更津","name_en":"Kisarazu","routes":["JRさざなみ","JR内房線","久留里線"]}},{"type":"Feature","geometry":{"type":"Point","coordinates":[140.0895617,35.5130963]},"properties":{"name":"五井","name_en":"Goi","routes":["JRさざなみ","JR内房線","小湊鉄道線"]}},{"type":"Feature","geometry":{"type":"Point","coordinates":[139.734319,35.6076529]},"properties":{"name":"大井町","name_en":"Oimachi","routes":["JR京浜東北線","りんかい線","東急大井町線"]}},{"type":"Feature","geometry":{"type":"Point","coordinates":[139.7000249,35.6954016]},"properties":{"name":"西武新宿","name_en":"Seibu-Shinjuku","routes":["小江戸","拝島ライナー","西武新宿線"]}},{"type":"Feature","geometry":{"type":"Point","coordinates":[139.7968196,35.7424234]},"properties":{"name":"千住大橋","name_en":"Senjuohashi","routes":["京成本線","京成本線・千葉線","京成本線・千葉線・千原線"]}},{"type":"Feature","geometry":{"type":"Point","coordinates":[139.8833524,35.7424201]},"properties":{"name":"京成小岩","name_en":"Keisei Koiwa","routes":["京成本線","京成本線・千葉線","京成本線・千葉線・千原線"]}},{"type":"Feature","geometry":{"type":"Point","coordinates":[139.9525957,35.7144727]},"properties":{"name":"東中山","name_en":"Higashi-Nakayama","routes":["京成本線","京成本線・千葉線","京成本線・千葉線・千原線"]}},{"type":"Feature","geometry":{"type":"Point","coordinates":[139.9979385,35.689794]},"properties":{"name":"船橋競馬場","name_en":"Funabashi-Keibajo","routes":["京成本線","京成本線・千葉線","京成本線・千葉線・千原線"]}},{"type":"Feature","geometry":{"type":"Point","coordinates":[140.0075689,35.6852948]},"properties":{"name":"谷津","name_en":"Yatsu","routes":["京成本線","京成本線・千葉線","京成本線・千葉線・千原線"]}},{"type":"Feature","geometry":{"type":"Point","coordinates":[139.9912517,35.6942913]},"properties":{"name":"大神宮下","name_en":"Daijingu-Shita","routes":["京成本線","京成本線・千葉線","京成本線・千葉線・千原線"]}},{"type":"Feature","geometry":{"type":"Point","coordinates":[139.972098,35.705761]},"properties":{"name":"海神","name_en":"Kaijin","routes":["京成本線","京成本線・千葉線","京成本線・千葉線・千原線"]}},{"type":"Feature","geometry":{"type":"Point","coordinates":[139.9589834,35.7116529]},"properties":{"name":"京成西船","name_en":"Keisei Nishifuna","routes":["京成本線","京成本線・千葉線","京成本線・千葉線・千原線"]}},{"type":"Feature","geometry":{"type":"Point","coordinates":[139.9447308,35.7168708]},"properties":{"name":"京成中山","name_en":"Keisei-Nakayama","routes":["京成本線","京成本線・千葉線","京成本線・千葉線・千原線"]}},{"type":"Feature","geometry":{"type":"Point","coordinates":[139.9375585,35.7199561]},"properties":{"name":"鬼越","name_en":"Onigoe","routes":["京成本線","京成本線・千葉線","京成本線・千葉線・千原線"]}},{"type":"Feature","geometry":{"type":"Point","coordinates":[139.9280439,35.7239123]},"properties":{"name":"京成八幡","name_en":"Keisei Yawata","routes":["京成本線","京成本線・千葉線","京成本線・千葉線・千原線"]}},{"type":"Feature","geometry":{"type":"Point","coordinates":[139.9195583,35.7282185]},"properties":{"name":"菅野","name_en":"Sugano","routes":["京成本線","京成本線・千葉線","京成本線・千葉線・千原線"]}},{"type":"Feature","geometry":{"type":"Point","coordinates":[139.9115626,35.7313977]},"properties":{"name":"市川真間","name_en":"Ichikawamama","routes":["京成本線","京成本線・千葉線","京成本線・千葉線・千原線"]}},{"type":"Feature","geometry":{"type":"Point","coordinates":[139.9025067,35.7364217]},"properties":{"name":"国府台","name_en":"Konodai","routes":["京成本線","京成本線・千葉線","京成本線・千葉線・千原線"]}},{"type":"Feature","geometry":{"type":"Point","coordinates":[139.8958777,35.7377552]},"properties":{"name":"江戸川","name_en":"Edogawa","routes":["京成本線","京成本線・千葉線","京成本線・千葉線・千原線"]}},{"type":"Feature","geometry":{"type":"Point","coordinates":[139.8401447,35.7475893]},"properties":{"name":"お花茶屋","name_en":"Ohanajaya","routes":["京成本線","京成本線・千葉線","京成本線・千葉線・千原線"]}},{"type":"Feature","geometry":{"type":"Point","coordinates":[139.8274834,35.7476751]},"properties":{"name":"堀切菖蒲園","name_en":"Horikirishobuen","routes":["京成本線","京成本線・千葉線","京成本線・千葉線・千原線"]}},{"type":"Feature","geometry":{"type":"Point","coordinates":[139.8117763,35.7439951]},"properties":{"name":"京成関屋","name_en":"Keisei Sekiya","routes":["京成本線","京成本線・千葉線","京成本線・千葉線・千原線"]}},{"type":"Feature","geometry":{"type":"Point","coordinates":[139.7739458,35.7372049]},"properties":{"name":"新三河島","name_en":"Shim-Mikawashima","routes":["京成本線","京成本線・千葉線","京成本線・千葉線・千原線"]}},{"type":"Feature","geometry":{"type":"Point","coordinates":[140.116207,35.8001351]},"properties":{"name":"千葉ニュータウン中央","name_en":"Chiba Newtown Chuo","routes":["京成成田空港アクセス","京浜電鉄","北総線"]}},{"type":"Feature","geometry":{"type":"Point","coordinates":[140.20311095,35.78767195]},"properties":{"name":"印旛日本医大","name_en":"Inba Nihon Idai","routes":["京成成田空港アクセス","京浜電鉄","北総線"]}},{"type":"Feature","geometry":{"type":"Point","coordinates":[139.6718368,35.5514608]},"properties":{"name":"新川崎","name_en":"Shin-Kawasaki","routes":["南新宿ライン","横須賀・総武線","湘南新宿ライン"]}},{"type":"Feature","geometry":{"type":"Point","coordinates":[139.5997021,35.4466889]},"properties":{"name":"保土ヶ谷","name_en":"Hodogaya","routes":["南新宿ライン","横須賀・総武線","湘南新宿ライン"]}},{"type":"Feature","geometry":{"type":"Point","coordinates":[139.5567625,35.4303614]},"properties":{"name":"東戸塚","name_en":"Higashi-Totsuka","routes":["南新宿ライン","横須賀・総武線","湘南新宿ライン"]}},{"type":"Feature","geometry":{"type":"Point","coordinates":[139.7158191,35.5620151]},"properties":{"name":"蒲田","name_en":"Kamata","routes":["JR京浜東北線","東急多摩川線","東急池上線"]}},{"type":"Feature","geometry":{"type":"Point","coordinates":[139.6857012,35.6074155]},"properties":{"name":"大岡山","name_en":"Ookayama","routes":["東京地下鉄-目黒線","東急大井町線","東急目黒線"]}},{"type":"Feature","geometry":{"type":"Point","coordinates":[140.31397576,35.7779003]},"properties":{"name":"成田","name_en":"Narita","routes":["JR成田エクスプレス","JR成田線","JR成田線我孫子"]}},{"type":"Feature","geometry":{"type":"Point","coordinates":[139.6415946,35.6661345]},"properties":{"name":"下高井戸","name_en":"Shimo-takaido","routes":["京王線","東急電鉄世田谷線","東急電鉄世田谷線三軒茶屋"]}},{"type":"Feature","geometry":{"type":"Point","coordinates":[140.18873618333333,37.1233176]},"properties":{"name":"新白河","name_en":"Shin-Shirakawa","routes":["JR東北本線","なすの","東北新幹線"]}},{"type":"Feature","geometry":{"type":"Point","coordinates":[140.63317,37.99542255]},"properties":{"name":"白石蔵王","name_en":"Shiroishi-Zao","routes":["はやぶさ","やまびこ","東北新幹線"]}},{"type":"Feature","geometry":{"type":"Point","coordinates":[141.07158539999998,38.748671249999994]},"properties":{"name":"くりこま高原","name_en":"","routes":["はやぶさ","やまびこ","東北新幹線"]}},{"type":"Feature","geometry":{"type":"Point","coordinates":[141.18882829999998,39.1451542]},"properties":{"name":"水沢江刺","name_en":"Mizusawa-Esashi","routes":["はやぶさ","やまびこ","東北新幹線"]}},{"type":"Feature","geometry":{"type":"Point","coordinates":[141.1738028,39.4065344]},"properties":{"name":"新花巻","name_en":"Shin-Hanamaki","routes":["はやぶさ","やまびこ","東北新幹線"]}},{"type":"Feature","geometry":{"type":"Point","coordinates":[139.6061566,35.7438271]},"properties":{"name":"石神井公園","name_en":"Shakujii-koen","routes":["S-Train","西武有楽町・池袋線","西武鉄道池袋線"]}},{"type":"Feature","geometry":{"type":"Point","coordinates":[139.5673646,35.7483016]},"properties":{"name":"保谷","name_en":"Hoya","routes":["S-Train","西武有楽町・池袋線","西武鉄道池袋線"]}},{"type":"Feature","geometry":{"type":"Point","coordinates":[139.4377917,35.8006184]},"properties":{"name":"小手指","name_en":"Kotesashi","routes":["S-Train","西武有楽町・池袋線","西武鉄道池袋線"]}},{"type":"Feature","geometry":{"type":"Point","coordinates":[139.666822,35.6611356]},"properties":{"name":"下北沢","name_en":"Shimo-Kitazawa","routes":["京王電鉄井の頭線","小田急小田原線・江ノ島線","小田急電鉄小田原線"]}},{"type":"Feature","geometry":{"type":"Point","coordinates":[135.758766,34.9853497]},"properties":{"name":"京都","name_en":"Kyoto","routes":["JR東海道本線","こだま","のぞみ"]}},{"type":"Feature","geometry":{"type":"Point","coordinates":[138.1889122,36.64274803333333]},"properties":{"name":"長野","name_en":"Nagano","routes":["あさま","かがやき","はくたか"]}},{"type":"Feature","geometry":{"type":"Point","coordinates":[139.5861148,35.4812012]},"properties":{"name":"羽沢横浜国大","name_en":"Hazawa yokohama-kokudai","routes":["相鉄・JR直通線","相鉄新横浜線","相鉄本線"]}},{"type":"Feature","geometry":{"type":"Point","coordinates":[140.1655995,35.6630267]},"properties":{"name":"四街道","name_en":"Yotsukaido","routes":["JR成田エクスプレス","JR成田線","総武本線"]}},{"type":"Feature","geometry":{"type":"Point","coordinates":[139.3379886,35.8962692]},"properties":{"name":"高麗川","name_en":"Komagawa","routes":["八高線","川越線"]}},{"type":"Feature","geometry":{"type":"Point","coordinates":[139.2994469,35.9624056]},"properties":{"name":"越生","name_en":"Ogose","routes":["八高線","東武越生線"]}},{"type":"Feature","geometry":{"type":"Point","coordinates":[139.19412250000002,36.11770416666667]},"properties":{"name":"寄居","name_en":"Yorii","routes":["八高線","東武東上線"]}},{"type":"Feature","geometry":{"type":"Point","coordinates":[139.049137,36.3002099]},"properties":{"name":"倉賀野","name_en":"Kuragano","routes":["八高線","高崎線"]}},{"type":"Feature","geometry":{"type":"Point","coordinates":[139.3260773,35.8532298]},"properties":{"name":"東飯能","name_en":"Higashi-Hannō","routes":["八高線","西武鉄道池袋線"]}},{"type":"Feature","geometry":{"type":"Point","coordinates":[139.5534305,35.5686778]},"properties":{"name":"あざみ野","name_en":"Azamino","routes":["東急田園都市線","横浜市営地下鉄ブルーライン"]}},{"type":"Feature","geometry":{"type":"Point","coordinates":[139.6105114,35.5999254]},"properties":{"name":"溝の口","name_en":"Mizonokuchi","routes":["東急大井町線","東急田園都市線"]}},{"type":"Feature","geometry":{"type":"Point","coordinates":[139.6169636,35.603179]},"properties":{"name":"高津","name_en":"Takatsu","routes":["東急大井町線","東急田園都市線"]}},{"type":"Feature","geometry":{"type":"Point","coordinates":[139.6224456,35.6071968]},"properties":{"name":"二子新地","name_en":"Futako-shinchi","routes":["東急大井町線","東急田園都市線"]}},{"type":"Feature","geometry":{"type":"Point","coordinates":[139.6268002,35.6117897]},"properties":{"name":"二子玉川","name_en":"Futako-tamagawa","routes":["東急大井町線","東急田園都市線"]}},{"type":"Feature","geometry":{"type":"Point","coordinates":[139.9270611,35.7237135]},"properties":{"name":"本八幡","name_en":"Motoyawata","routes":["中央・総武緩行線","都営新宿線"]}},{"type":"Feature","geometry":{"type":"Point","coordinates":[139.8156854,35.6889959]},"properties":{"name":"住吉","name_en":"Sumiyoshi","routes":["東京メトロ半蔵門線","都営新宿線"]}},{"type":"Feature","geometry":{"type":"Point","coordinates":[139.806123,35.6884156]},"properties":{"name":"菊川","name_en":"Kikukawa","routes":["JR東海道本線","都営新宿線"]}},{"type":"Feature","geometry":{"type":"Point","coordinates":[139.7970443,35.6879977]},"properties":{"name":"森下","name_en":"Morishita","routes":["都営大江戸線","都営新宿線"]}},{"type":"Feature","geometry":{"type":"Point","coordinates":[139.699177,35.6886028]},"properties":{"name":"新線新宿","name_en":"Shinsen-Shinjuku","routes":["京王新線","都営新宿線"]}},{"type":"Feature","geometry":{"type":"Point","coordinates":[139.6312465,35.7766946]},"properties":{"name":"地下鉄成増","name_en":"Chikatetsu-narimasu","routes":["東京メトロ副都心線","東京メトロ有楽町線"]}},{"type":"Feature","geometry":{"type":"Point","coordinates":[139.6441259,35.7699229]},"properties":{"name":"地下鉄赤塚","name_en":"Chikatetsu-akatsuka","routes":["東京メトロ副都心線","東京メトロ有楽町線"]}},{"type":"Feature","geometry":{"type":"Point","coordinates":[139.6650083,35.7497818]},"properties":{"name":"氷川台","name_en":"Hikawadai","routes":["東京メトロ副都心線","東京メトロ有楽町線"]}},{"type":"Feature","geometry":{"type":"Point","coordinates":[139.689366,35.7383242]},"properties":{"name":"千川","name_en":"Senkawa","routes":["東京メトロ副都心線","東京メトロ有楽町線"]}},{"type":"Feature","geometry":{"type":"Point","coordinates":[139.6986842,35.7332405]},"properties":{"name":"要町","name_en":"Kanamecho","routes":["東京メトロ副都心線","東京メトロ有楽町線"]}},{"type":"Feature","geometry":{"type":"Point","coordinates":[139.7356237,35.6911864]},"properties":{"name":"市ケ谷","name_en":"Ichigaya","routes":["中央・総武緩行線","東京メトロ有楽町線"]}},{"type":"Feature","geometry":{"type":"Point","coordinates":[139.7844793,35.6641695]},"properties":{"name":"月島","name_en":"Tsukishima","routes":["東京メトロ有楽町線","都営大江戸線"]}},{"type":"Feature","geometry":{"type":"Point","coordinates":[139.6988317,35.6441395]},"properties":{"name":"中目黒","name_en":"Naka-meguro","routes":["東京メトロ日比谷線","東急東横線"]}},{"type":"Feature","geometry":{"type":"Point","coordinates":[139.7313268,35.6628364]},"properties":{"name":"六本木","name_en":"Roppongi","routes":["東京メトロ日比谷線","都営大江戸線"]}},{"type":"Feature","geometry":{"type":"Point","coordinates":[139.7669476,35.6696837]},"properties":{"name":"東銀座","name_en":"Higashi-Ginza","routes":["東京メトロ日比谷線","都営浅草線"]}},{"type":"Feature","geometry":{"type":"Point","coordinates":[139.7776565,35.6746238]},"properties":{"name":"八丁堀","name_en":"Hatchobori","routes":["JR京葉線","東京メトロ日比谷線"]}},{"type":"Feature","geometry":{"type":"Point","coordinates":[139.7794236,35.6802291]},"properties":{"name":"茅場町","name_en":"Kayabacho","routes":["東京メトロ日比谷線","東京メトロ東西線"]}},{"type":"Feature","geometry":{"type":"Point","coordinates":[139.7821879,35.6862799]},"properties":{"name":"人形町","name_en":"Ningyocho","routes":["東京メトロ日比谷線","都営浅草線"]}},{"type":"Feature","geometry":{"type":"Point","coordinates":[139.3917746,35.478668]},"properties":{"name":"入谷","name_en":"Iriya","routes":["東京メトロ日比谷線","相模線"]}},{"type":"Feature","geometry":{"type":"Point","coordinates":[139.7730743,35.6849516]},"properties":{"name":"三越前","name_en":"Mitsukoshimae","routes":["東京メトロ半蔵門線","東京メトロ銀座線"]}},{"type":"Feature","geometry":{"type":"Point","coordinates":[139.7987644,35.6820504]},"properties":{"name":"清澄白河","name_en":"Kiyosumi-shirakawa","routes":["東京メトロ半蔵門線","都営大江戸線"]}},{"type":"Feature","geometry":{"type":"Point","coordinates":[139.741424,35.6729903]},"properties":{"name":"溜池山王","name_en":"Tameike-sanno","routes":["東京メトロ南北線","東京メトロ銀座線"]}},{"type":"Feature","geometry":{"type":"Point","coordinates":[139.7375253,35.6763213]},"properties":{"name":"赤坂見附","name_en":"Akasaka-mitsuke","routes":["東京メトロ丸ノ内線","東京メトロ銀座線"]}},{"type":"Feature","geometry":{"type":"Point","coordinates":[139.6817498,35.6971173]},"properties":{"name":"中野坂上","name_en":"Nakano-sakaue","routes":["東京メトロ丸ノ内線","都営大江戸線"]}},{"type":"Feature","geometry":{"type":"Point","coordinates":[139.7434262,35.6736889]},"properties":{"name":"国会議事堂前","name_en":"Kokkai-gijidomae","routes":["千代田線","東京メトロ丸ノ内線"]}},{"type":"Feature","geometry":{"type":"Point","coordinates":[139.7599627,35.7066386]},"properties":{"name":"本郷三丁目","name_en":"Hongo-sanchome","routes":["東京メトロ丸ノ内線","都営大江戸線"]}},{"type":"Feature","geometry":{"type":"Point","coordinates":[139.7512155,35.7073372]},"properties":{"name":"後楽園","name_en":"Korakuen","routes":["東京メトロ丸ノ内線","東京メトロ南北線"]}},{"type":"Feature","geometry":{"type":"Point","coordinates":[139.7043604,35.6689704]},"properties":{"name":"明治神宮前〈原宿〉","name_en":"Meiji-jingumae 'Harajuku'","routes":["千代田線","東京メトロ副都心線"]}},{"type":"Feature","geometry":{"type":"Point","coordinates":[139.7265652,35.6381027]},"properties":{"name":"白金台","name_en":"Shirokanedai","routes":["東京メトロ南北線","都営三田線"]}},{"type":"Feature","geometry":{"type":"Point","coordinates":[139.734168,35.6429531]},"properties":{"name":"白金高輪","name_en":"Shirokane-takanawa","routes":["東京メトロ南北線","都営三田線"]}},{"type":"Feature","geometry":{"type":"Point","coordinates":[139.7536358,35.7020419]},"properties":{"name":"水道橋","name_en":"Suidobashi","routes":["中央・総武緩行線","都営三田線"]}},{"type":"Feature","geometry":{"type":"Point","coordinates":[139.7531843,35.7098805]},"properties":{"name":"春日","name_en":"Kasuga","routes":["都営三田線","都営大江戸線"]}},{"type":"Feature","geometry":{"type":"Point","coordinates":[139.7394273,35.7334119]},"properties":{"name":"巣鴨","name_en":"Sugamo","routes":["JR山手線","都営三田線"]}},{"type":"Feature","geometry":{"type":"Point","coordinates":[139.6842689,35.5310748]},"properties":{"name":"尻手","name_en":"Shitte","routes":["JR南武線","JR南武線浜川崎"]}},{"type":"Feature","geometry":{"type":"Point","coordinates":[139.4771038,35.6661053]},"properties":{"name":"府中本町","name_en":"Fuchu-Hommachi","routes":["JR南武線","JR武蔵野線"]}},{"type":"Feature","geometry":{"type":"Point","coordinates":[139.4689952,35.6684475]},"properties":{"name":"分倍河原","name_en":"Bubaigawara","routes":["JR南武線","京王線"]}},{"type":"Feature","geometry":{"type":"Point","coordinates":[140.1182086,35.9206534]},"properties":{"name":"藤代","name_en":"Fujishiro","routes":["JR常磐線","ひたち"]}},{"type":"Feature","geometry":{"type":"Point","coordinates":[140.1382428,35.9300777]},"properties":{"name":"龍ケ崎市","name_en":"Ryugasakishi","routes":["JR常磐線","ひたち"]}},{"type":"Feature","geometry":{"type":"Point","coordinates":[140.14101206666666,35.97551016666666]},"properties":{"name":"牛久","name_en":"Ushiku","routes":["JR常磐線","ひたち"]}},{"type":"Feature","geometry":{"type":"Point","coordinates":[140.15833683333332,36.007411166666664]},"properties":{"name":"ひたち野うしく","name_en":"Hitachino-Ushiku","routes":["JR常磐線","ひたち"]}},{"type":"Feature","geometry":{"type":"Point","coordinates":[140.166135,36.03074253333333]},"properties":{"name":"荒川沖","name_en":"Arakawaoki","routes":["JR常磐線","ひたち"]}},{"type":"Feature","geometry":{"type":"Point","coordinates":[140.20615225,36.07838755]},"properties":{"name":"土浦","name_en":"Tsuchiura","routes":["JR常磐線","ひたち"]}},{"type":"Feature","geometry":{"type":"Point","coordinates":[140.248433,36.12032933333333]},"properties":{"name":"神立","name_en":"Kandatsu","routes":["JR常磐線","ひたち"]}},{"type":"Feature","geometry":{"type":"Point","coordinates":[140.29472886666667,36.163774733333334]},"properties":{"name":"高浜","name_en":"Takahama","routes":["JR常磐線","ひたち"]}},{"type":"Feature","geometry":{"type":"Point","coordinates":[140.28003436666668,36.19107476666667]},"properties":{"name":"石岡","name_en":"Ishioka","routes":["JR常磐線","ひたち"]}},{"type":"Feature","geometry":{"type":"Point","coordinates":[140.28693846666667,36.247319866666665]},"properties":{"name":"羽鳥","name_en":"Hatori","routes":["JR常磐線","ひたち"]}},{"type":"Feature","geometry":{"type":"Point","coordinates":[140.27644183333334,36.2952905]},"properties":{"name":"岩間","name_en":"Iwama","routes":["JR常磐線","ひたち"]}},{"type":"Feature","geometry":{"type":"Point","coordinates":[140.30632923333334,36.3507172]},"properties":{"name":"友部","name_en":"Tomobe","routes":["JR常磐線","ひたち"]}},{"type":"Feature","geometry":{"type":"Point","coordinates":[140.35328963333333,36.37042833333334]},"properties":{"name":"内原","name_en":"Uchihara","routes":["JR常磐線","ひたち"]}},{"type":"Feature","geometry":{"type":"Point","coordinates":[140.41526466666667,36.38186326666666]},"properties":{"name":"赤塚","name_en":"Akatsuka","routes":["JR常磐線","ひたち"]}},{"type":"Feature","geometry":{"type":"Point","coordinates":[140.4562314,36.373119]},"properties":{"name":"偕楽園","name_en":"Kairakuen","routes":["JR常磐線","ひたち"]}},{"type":"Feature","geometry":{"type":"Point","coordinates":[140.47690784999998,36.37090775]},"properties":{"name":"水戸","name_en":"Mito","routes":["JR常磐線","ひたち"]}},{"type":"Feature","geometry":{"type":"Point","coordinates":[140.5242479,36.39443]},"properties":{"name":"勝田","name_en":"Katsuta","routes":["JR常磐線","ひたち"]}},{"type":"Feature","geometry":{"type":"Point","coordinates":[140.54029356666666,36.42984096666667]},"properties":{"name":"佐和","name_en":"Sawa","routes":["JR常磐線","ひたち"]}},{"type":"Feature","geometry":{"type":"Point","coordinates":[140.5660652,36.46549185]},"properties":{"name":"東海","name_en":"Tokai","routes":["JR常磐線","ひたち"]}},{"type":"Feature","geometry":{"type":"Point","coordinates":[140.6195918,36.5130421]},"properties":{"name":"大甕","name_en":"Omika","routes":["JR常磐線","ひたち"]}},{"type":"Feature","geometry":{"type":"Point","coordinates":[140.63246455,36.55197285]},"properties":{"name":"常陸多賀","name_en":"Hitachi-Taga","routes":["JR常磐線","ひたち"]}},{"type":"Feature","geometry":{"type":"Point","coordinates":[140.66210315,36.59083425]},"properties":{"name":"日立","name_en":"Hitachi","routes":["JR常磐線","ひたち"]}},{"type":"Feature","geometry":{"type":"Point","coordinates":[140.67527199999998,36.6367897]},"properties":{"name":"小木津","name_en":"Ogitsu","routes":["JR常磐線","ひたち"]}},{"type":"Feature","geometry":{"type":"Point","coordinates":[140.68597,36.67138673333333]},"properties":{"name":"十王","name_en":"Juo","routes":["JR常磐線","ひたち"]}},{"type":"Feature","geometry":{"type":"Point","coordinates":[140.71705350000002,36.71459045]},"properties":{"name":"高萩","name_en":"Takahagi","routes":["JR常磐線","ひたち"]}},{"type":"Feature","geometry":{"type":"Point","coordinates":[140.72898236666666,36.7532904]},"properties":{"name":"南中郷","name_en":"Minami-Nakago","routes":["JR常磐線","ひたち"]}},{"type":"Feature","geometry":{"type":"Point","coordinates":[140.74594779999998,36.790447]},"properties":{"name":"磯原","name_en":"Isohara","routes":["JR常磐線","ひたち"]}},{"type":"Feature","geometry":{"type":"Point","coordinates":[140.77807133333334,36.846790866666666]},"properties":{"name":"大津港","name_en":"Otsuko","routes":["JR常磐線","ひたち"]}},{"type":"Feature","geometry":{"type":"Point","coordinates":[140.7868391,36.883989799999995]},"properties":{"name":"勿来","name_en":"Nakoso","routes":["JR常磐線","ひたち"]}},{"type":"Feature","geometry":{"type":"Point","coordinates":[140.7965771,36.9203416]},"properties":{"name":"植田","name_en":"Ueda","routes":["JR常磐線","ひたち"]}},{"type":"Feature","geometry":{"type":"Point","coordinates":[140.8541056,36.95553115]},"properties":{"name":"泉","name_en":"Izumi","routes":["JR常磐線","ひたち"]}},{"type":"Feature","geometry":{"type":"Point","coordinates":[140.8501403,37.0065868]},"properties":{"name":"湯本","name_en":"Yumoto","routes":["JR常磐線","ひたち"]}},{"type":"Feature","geometry":{"type":"Point","coordinates":[140.85479413333334,37.0357206]},"properties":{"name":"内郷","name_en":"Uchigo","routes":["JR常磐線","ひたち"]}},{"type":"Feature","geometry":{"type":"Point","coordinates":[140.8921884,37.058190249999996]},"properties":{"name":"いわき","name_en":"Iwaki","routes":["JR常磐線","ひたち"]}},{"type":"Feature","geometry":{"type":"Point","coordinates":[140.9473459,37.073939200000005]},"properties":{"name":"草野","name_en":"Kusano","routes":["JR常磐線","ひたち"]}},{"type":"Feature","geometry":{"type":"Point","coordinates":[140.9812545,37.102689733333335]},"properties":{"name":"四ツ倉","name_en":"Yotsukura","routes":["JR常磐線","ひたち"]}},{"type":"Feature","geometry":{"type":"Point","coordinates":[140.9957765,37.142315266666664]},"properties":{"name":"久ノ浜","name_en":"Hisanohama","routes":["JR常磐線","ひたち"]}},{"type":"Feature","geometry":{"type":"Point","coordinates":[140.99555543333332,37.17248866666667]},"properties":{"name":"末続","name_en":"Suetsugi","routes":["JR常磐線","ひたち"]}},{"type":"Feature","geometry":{"type":"Point","coordinates":[140.99931665,37.21207455]},"properties":{"name":"広野","name_en":"Hirono","routes":["JR常磐線","ひたち"]}},{"type":"Feature","geometry":{"type":"Point","coordinates":[141.0025236,37.25790676666667]},"properties":{"name":"木戸","name_en":"Kido","routes":["JR常磐線","ひたち"]}},{"type":"Feature","geometry":{"type":"Point","coordinates":[141.00273833333333,37.28261873333333]},"properties":{"name":"竜田","name_en":"Tatsuta","routes":["JR常磐線","ひたち"]}},{"type":"Feature","geometry":{"type":"Point","coordinates":[141.0225111,37.33521775]},"properties":{"name":"富岡","name_en":"Tomioka","routes":["JR常磐線","ひたち"]}},{"type":"Feature","geometry":{"type":"Point","coordinates":[140.99204713333333,37.3659479]},"properties":{"name":"夜ノ森","name_en":"Yonomori","routes":["JR常磐線","ひたち"]}},{"type":"Feature","geometry":{"type":"Point","coordinates":[140.9840968,37.4092385]},"properties":{"name":"大野","name_en":"Ono","routes":["JR常磐線","ひたち"]}},{"type":"Feature","geometry":{"type":"Point","coordinates":[141.0057796,37.4537517]},"properties":{"name":"双葉","name_en":"Futaba","routes":["JR常磐線","ひたち"]}},{"type":"Feature","geometry":{"type":"Point","coordinates":[140.9899635,37.4920422]},"properties":{"name":"浪江","name_en":"Namie","routes":["JR常磐線","ひたち"]}},{"type":"Feature","geometry":{"type":"Point","coordinates":[140.98450309999998,37.528863433333335]},"properties":{"name":"桃内","name_en":"Momouchi","routes":["JR常磐線","ひたち"]}},{"type":"Feature","geometry":{"type":"Point","coordinates":[140.9963535,37.56289723333333]},"properties":{"name":"小高","name_en":"Odaka","routes":["JR常磐線","ひたち"]}},{"type":"Feature","geometry":{"type":"Point","coordinates":[140.99181206666665,37.6048267]},"properties":{"name":"磐城太田","name_en":"Iwaki-Ota","routes":["JR常磐線","ひたち"]}},{"type":"Feature","geometry":{"type":"Point","coordinates":[140.9713029,37.63779295]},"properties":{"name":"原ノ町","name_en":"Haranomachi","routes":["JR常磐線","ひたち"]}},{"type":"Feature","geometry":{"type":"Point","coordinates":[140.97028706666666,37.702572733333334]},"properties":{"name":"鹿島","name_en":"Kashima","routes":["JR常磐線","ひたち"]}},{"type":"Feature","geometry":{"type":"Point","coordinates":[140.93475656666666,37.756018]},"properties":{"name":"日立木","name_en":"Nittaki","routes":["JR常磐線","ひたち"]}},{"type":"Feature","geometry":{"type":"Point","coordinates":[140.92563845,37.8028851]},"properties":{"name":"相馬","name_en":"Soma","routes":["JR常磐線","ひたち"]}},{"type":"Feature","geometry":{"type":"Point","coordinates":[140.92508243333336,37.842088966666665]},"properties":{"name":"駒ヶ嶺","name_en":"Komagamine","routes":["JR常磐線","ひたち"]}},{"type":"Feature","geometry":{"type":"Point","coordinates":[140.925552,37.879441166666666]},"properties":{"name":"新地","name_en":"Shinchi","routes":["JR常磐線","ひたち"]}},{"type":"Feature","geometry":{"type":"Point","coordinates":[140.9009982,37.9241973]},"properties":{"name":"坂元","name_en":"Sakamoto","routes":["JR常磐線","ひたち"]}},{"type":"Feature","geometry":{"type":"Point","coordinates":[140.89003513333333,38.00234726666667]},"properties":{"name":"浜吉田","name_en":"Hamayoshida","routes":["JR常磐線","ひたち"]}},{"type":"Feature","geometry":{"type":"Point","coordinates":[140.86151945,38.039621249999996]},"properties":{"name":"亘理","name_en":"Watari","routes":["JR常磐線","ひたち"]}},{"type":"Feature","geometry":{"type":"Point","coordinates":[140.85479949999998,38.06720343333333]},"properties":{"name":"逢隈","name_en":"Okuma","routes":["JR常磐線","ひたち"]}},{"type":"Feature","geometry":{"type":"Point","coordinates":[139.782427,35.6933693]},"properties":{"name":"馬喰町","name_en":"Bakurochō","routes":["JR総武線","横須賀・総武線"]}},{"type":"Feature","geometry":{"type":"Point","coordinates":[139.7741939,35.6890005]},"properties":{"name":"新日本橋","name_en":"Shin-Nihombashi","routes":["JR総武線","横須賀・総武線"]}},{"type":"Feature","geometry":{"type":"Point","coordinates":[139.5782611,35.5534049]},"properties":{"name":"センター北","name_en":"Center Kita","routes":["横浜市営地下鉄グリーンライン","横浜市営地下鉄ブルーライン"]}},{"type":"Feature","geometry":{"type":"Point","coordinates":[139.5746375,35.5452895]},"properties":{"name":"センター南","name_en":"Center Minami","routes":["横浜市営地下鉄グリーンライン","横浜市営地下鉄ブルーライン"]}},{"type":"Feature","geometry":{"type":"Point","coordinates":[139.6360365,35.4440822]},"properties":{"name":"関内","name_en":"Kannai","routes":["JR根岸線","横浜市営地下鉄ブルーライン"]}},{"type":"Feature","geometry":{"type":"Point","coordinates":[139.2267337,35.9084908]},"properties":{"name":"吾野","name_en":"Agano","routes":["西武鉄道池袋線","西武鉄道西武秩父線"]}},{"type":"Feature","geometry":{"type":"Point","coordinates":[139.097999275,35.984968275]},"properties":{"name":"横瀬","name_en":"Yokoze","routes":["ちちぶ","西武鉄道西武秩父線"]}},{"type":"Feature","geometry":{"type":"Point","coordinates":[139.08302855,35.9899128]},"properties":{"name":"西武秩父","name_en":"Seibu-Chichibu","routes":["ちちぶ","西武鉄道西武秩父線"]}},{"type":"Feature","geometry":{"type":"Point","coordinates":[140.51567964999998,41.145024250000006]},"properties":{"name":"奥津軽いまべつ","name_en":"Okutsugaru-imabetsu","routes":["はやて","はやぶさ"]}},{"type":"Feature","geometry":{"type":"Point","coordinates":[140.43424,41.67857075]},"properties":{"name":"木古内","name_en":"Kikonai","routes":["はやて","はやぶさ"]}},{"type":"Feature","geometry":{"type":"Point","coordinates":[140.6485222,41.90466]},"properties":{"name":"新函館北斗","name_en":"Shin-Hakodate-Hokuto","routes":["はやて","はやぶさ"]}},{"type":"Feature","geometry":{"type":"Point","coordinates":[139.7314038,36.3717284]},"properties":{"name":"栃木","name_en":"Tochigi","routes":["きぬがわ","日光"]}},{"type":"Feature","geometry":{"type":"Point","coordinates":[139.6927992,36.725635]},"properties":{"name":"下今市","name_en":"Shimo-Imaichi","routes":["きぬがわ","日光"]}},{"type":"Feature","geometry":{"type":"Point","coordinates":[139.6333271,35.4779431]},"properties":{"name":"東神奈川","name_en":"Higashi-Kanagawa","routes":["JR京浜東北線","JR横浜線"]}},{"type":"Feature","geometry":{"type":"Point","coordinates":[139.6302732,35.5096856]},"properties":{"name":"菊名","name_en":"Kikuna","routes":["JR横浜線","東急東横線"]}},{"type":"Feature","geometry":{"type":"Point","coordinates":[139.5395328,35.5146971]},"properties":{"name":"中山","name_en":"Nakayama","routes":["JR横浜線","横浜市営地下鉄グリーンライン"]}},{"type":"Feature","geometry":{"type":"Point","coordinates":[139.3784329,35.4433977]},"properties":{"name":"厚木","name_en":"Atsugi","routes":["小田急電鉄小田原線","相模線"]}},{"type":"Feature","geometry":{"type":"Point","coordinates":[139.4111316,35.6158467]},"properties":{"name":"唐木田","name_en":"Karakida","routes":["小田急電鉄多摩線","小田急電鉄小田原線"]}},{"type":"Feature","geometry":{"type":"Point","coordinates":[139.4245522,35.6250229]},"properties":{"name":"小田急多摩センター","name_en":"Odakyu Tama Center","routes":["小田急電鉄多摩線","小田急電鉄小田原線"]}},{"type":"Feature","geometry":{"type":"Point","coordinates":[139.4482099,35.6299329]},"properties":{"name":"小田急永山","name_en":"Odakyu Nagayama","routes":["小田急電鉄多摩線","小田急電鉄小田原線"]}},{"type":"Feature","geometry":{"type":"Point","coordinates":[139.4808891,35.6060805]},"properties":{"name":"栗平","name_en":"Kurihira","routes":["小田急電鉄多摩線","小田急電鉄小田原線"]}},{"type":"Feature","geometry":{"type":"Point","coordinates":[139.4936136,35.600175]},"properties":{"name":"五月台","name_en":"Satsukidai","routes":["小田急電鉄多摩線","小田急電鉄小田原線"]}},{"type":"Feature","geometry":{"type":"Point","coordinates":[139.4426285,35.7660664]},"properties":{"name":"多摩湖","name_en":"Tamako","routes":["西武多摩湖線","西武山口線"]}},{"type":"Feature","geometry":{"type":"Point","coordinates":[139.6688278,35.6075379]},"properties":{"name":"自由が丘","name_en":"Jiyugaoka","routes":["東急大井町線","東急東横線"]}},{"type":"Feature","geometry":{"type":"Point","coordinates":[138.809218625,36.935925749999996]},"properties":{"name":"越後湯沢","name_en":"Echigo-Yuzawa","routes":["たにがわ","とき"]}},{"type":"Feature","geometry":{"type":"Point","coordinates":[139.9919479,35.950549425]},"properties":{"name":"守谷","name_en":"Moriya","routes":["つくばエクスプレス線","関東鉄道常総線"]}},{"type":"Feature","geometry":{"type":"Point","coordinates":[140.3175122,35.663167099999995]},"properties":{"name":"八街","name_en":"","routes":["しおさい","総武本線"]}},{"type":"Feature","geometry":{"type":"Point","coordinates":[140.41086719999998,35.608537150000004]},"properties":{"name":"成東","name_en":"Naruto","routes":["しおさい","総武本線"]}},{"type":"Feature","geometry":{"type":"Point","coordinates":[140.4909452,35.66177925]},"properties":{"name":"横芝","name_en":"Yokoshiba","routes":["しおさい","総武本線"]}},{"type":"Feature","geometry":{"type":"Point","coordinates":[140.5524087,35.6992772]},"properties":{"name":"八日市場","name_en":"Yokaichiba","routes":["しおさい","総武本線"]}},{"type":"Feature","geometry":{"type":"Point","coordinates":[140.6549257,35.72191335]},"properties":{"name":"旭","name_en":"Asahi","routes":["しおさい","総武本線"]}},{"type":"Feature","geometry":{"type":"Point","coordinates":[140.68316985,35.7293565]},"properties":{"name":"飯岡","name_en":"Iioka","routes":["しおさい","総武本線"]}},{"type":"Feature","geometry":{"type":"Point","coordinates":[140.827319875,35.729497175]},"properties":{"name":"銚子","name_en":"Choshi","routes":["しおさい","総武本線"]}},{"type":"Feature","geometry":{"type":"Point","coordinates":[140.1210196,35.6011214]},"properties":{"name":"本千葉","name_en":"Hon-Chiba","routes":["JR内房線","JR外房線"]}},{"type":"Feature","geometry":{"type":"Point","coordinates":[140.103697125,35.107710475]},"properties":{"name":"安房鴨川","name_en":"Awa-Kamogawa","routes":["JR内房線","JR外房線"]}},{"type":"Feature","geometry":{"type":"Point","coordinates":[139.9211293,35.8253729]},"properties":{"name":"新松戸","name_en":"Shin-Matsudo","routes":["JR常磐緩行線","JR武蔵野線"]}},{"type":"Feature","geometry":{"type":"Point","coordinates":[139.9030689,35.8385114]},"properties":{"name":"南流山","name_en":"Minami-Nagareyama","routes":["JR武蔵野線","つくばエクスプレス線"]}},{"type":"Feature","geometry":{"type":"Point","coordinates":[139.7443712,35.8752711]},"properties":{"name":"東川口","name_en":"Higashi-Kawaguchi","routes":["JR武蔵野線","埼玉高速鉄道線"]}},{"type":"Feature","geometry":{"type":"Point","coordinates":[139.669144,35.8477323]},"properties":{"name":"南浦和","name_en":"Minami-Urawa","routes":["JR京浜東北線","JR武蔵野線"]}},{"type":"Feature","geometry":{"type":"Point","coordinates":[139.647066,35.8459689]},"properties":{"name":"武蔵浦和","name_en":"Musashi-Urawa","routes":["JR埼京線","JR武蔵野線"]}},{"type":"Feature","geometry":{"type":"Point","coordinates":[139.4660825,35.6997484]},"properties":{"name":"西国分寺","name_en":"Nishi-Kokubunji","routes":["JR中央線","JR武蔵野線"]}},{"type":"Feature","geometry":{"type":"Point","coordinates":[139.6499648,35.7055421]},"properties":{"name":"高円寺","name_en":"Kōenji","routes":["JR中央線","中央・総武緩行線"]}},{"type":"Feature","geometry":{"type":"Point","coordinates":[139.6354724,35.7048403]},"properties":{"name":"阿佐ケ谷","name_en":"Asagaya","routes":["JR中央線","中央・総武緩行線"]}},{"type":"Feature","geometry":{"type":"Point","coordinates":[139.5996053,35.7037331]},"properties":{"name":"西荻窪","name_en":"Nishi-Ogikubo","routes":["JR中央線","中央・総武緩行線"]}},{"type":"Feature","geometry":{"type":"Point","coordinates":[139.5440803,35.7021298]},"properties":{"name":"武蔵境","name_en":"Musashi-Sakai","routes":["JR中央線","西武多摩川線"]}},{"type":"Feature","geometry":{"type":"Point","coordinates":[139.6163426,35.4596654]},"properties":{"name":"平沼橋","name_en":"Hiranuma-bashi","routes":["相模鉄道いずみ野線","相鉄本線"]}},{"type":"Feature","geometry":{"type":"Point","coordinates":[139.6084809,35.4532879]},"properties":{"name":"西横浜","name_en":"Nishi-Yokohama","routes":["相模鉄道いずみ野線","相鉄本線"]}},{"type":"Feature","geometry":{"type":"Point","coordinates":[139.6026308,35.4540049]},"properties":{"name":"天王町","name_en":"Tennocho","routes":["相模鉄道いずみ野線","相鉄本線"]}},{"type":"Feature","geometry":{"type":"Point","coordinates":[139.5946998,35.4588276]},"properties":{"name":"星川","name_en":"Hoshikawa","routes":["相模鉄道いずみ野線","相鉄本線"]}},{"type":"Feature","geometry":{"type":"Point","coordinates":[139.5868099,35.4636072]},"properties":{"name":"和田町","name_en":"Wadamachi","routes":["相模鉄道いずみ野線","相鉄本線"]}},{"type":"Feature","geometry":{"type":"Point","coordinates":[139.5800137,35.467719]},"properties":{"name":"上星川","name_en":"Kami-Hoshikawa","routes":["相模鉄道いずみ野線","相鉄本線"]}},{"type":"Feature","geometry":{"type":"Point","coordinates":[139.7472412,35.7365848]},"properties":{"name":"駒込","name_en":"Komagome","routes":["JR山手線","東京メトロ南北線"]}},{"type":"Feature","geometry":{"type":"Point","coordinates":[139.761707,35.7373723]},"properties":{"name":"田端","name_en":"Tabata","routes":["JR京浜東北線","JR山手線"]}},{"type":"Feature","geometry":{"type":"Point","coordinates":[139.7779166,35.7217035]},"properties":{"name":"鶯谷","name_en":"Uguisudani","routes":["JR京浜東北線","JR山手線"]}},{"type":"Feature","geometry":{"type":"Point","coordinates":[139.7746303,35.7069531]},"properties":{"name":"御徒町","name_en":"Okachimachi","routes":["JR京浜東北線","JR山手線"]}},{"type":"Feature","geometry":{"type":"Point","coordinates":[139.7570622,35.6551111]},"properties":{"name":"浜松町","name_en":"Hamamatsucho","routes":["JR京浜東北線","JR山手線"]}},{"type":"Feature","geometry":{"type":"Point","coordinates":[139.7476833,35.6457358]},"properties":{"name":"田町","name_en":"Tamachi","routes":["JR京浜東北線","JR山手線"]}},{"type":"Feature","geometry":{"type":"Point","coordinates":[139.7406642,35.635399]},"properties":{"name":"高輪ゲートウェイ","name_en":"Takanawa Gateway","routes":["JR京浜東北線","JR山手線"]}},{"type":"Feature","geometry":{"type":"Point","coordinates":[139.32766586666665,36.044470366666665]},"properties":{"name":"武蔵嵐山","name_en":"Musashi-ranzan","routes":["TJライナー","東武東上線"]}},{"type":"Feature","geometry":{"type":"Point","coordinates":[139.34536826666667,36.043486933333334]},"properties":{"name":"つきのわ","name_en":"Tsukinowa","routes":["TJライナー","東武東上線"]}},{"type":"Feature","geometry":{"type":"Point","coordinates":[139.3748972,36.045263]},"properties":{"name":"森林公園","name_en":"Shinrin-koen","routes":["TJライナー","東武東上線"]}},{"type":"Feature","geometry":{"type":"Point","coordinates":[139.4016194333333,36.0348046]},"properties":{"name":"東松山","name_en":"Higashi-matsuyama","routes":["TJライナー","東武東上線"]}},{"type":"Feature","geometry":{"type":"Point","coordinates":[139.4772543,35.9139617]},"properties":{"name":"川越市","name_en":"Kawagoeshi","routes":["TJライナー","東武東上線"]}},{"type":"Feature","geometry":{"type":"Point","coordinates":[139.523107,35.8608406]},"properties":{"name":"ふじみ野","name_en":"Fujimino","routes":["TJライナー","東武東上線"]}},{"type":"Feature","geometry":{"type":"Point","coordinates":[139.9173079,35.8116335]},"properties":{"name":"馬橋","name_en":"Mabashi","routes":["JR常磐緩行線","総武流山電鉄"]}},{"type":"Feature","geometry":{"type":"Point","coordinates":[139.6917276,35.5230147]},"properties":{"name":"八丁畷","name_en":"Hatchonawate","routes":["JR南武線浜川崎","京浜電鉄本線"]}},{"type":"Feature","geometry":{"type":"Point","coordinates":[140.1321843,35.5902969]},"properties":{"name":"千葉寺","name_en":"Chibadera","routes":["京成本線・千葉線・千原線","京成電鉄千原線"]}},{"type":"Feature","geometry":{"type":"Point","coordinates":[140.1494149,35.5841554]},"properties":{"name":"大森台","name_en":"Omoridai","routes":["京成本線・千葉線・千原線","京成電鉄千原線"]}},{"type":"Feature","geometry":{"type":"Point","coordinates":[140.1584082,35.5606158]},"properties":{"name":"学園前","name_en":"Gakuemmae","routes":["京成本線・千葉線・千原線","京成電鉄千原線"]}},{"type":"Feature","geometry":{"type":"Point","coordinates":[140.1661277,35.5500759]},"properties":{"name":"おゆみ野","name_en":"Oyumino","routes":["京成本線・千葉線・千原線","京成電鉄千原線"]}},{"type":"Feature","geometry":{"type":"Point","coordinates":[140.1702772,35.5338295]},"properties":{"name":"ちはら台","name_en":"Chiharadai","routes":["京成本線・千葉線・千原線","京成電鉄千原線"]}},{"type":"Feature","geometry":{"type":"Point","coordinates":[140.0421725,35.4785994]},"properties":{"name":"姉ケ崎","name_en":"Anegasaki","routes":["JRさざなみ","JR内房線"]}},{"type":"Feature","geometry":{"type":"Point","coordinates":[139.8955052,35.3336304]},"properties":{"name":"君津","name_en":"Kimitsu","routes":["JRさざなみ","JR内房線"]}},{"type":"Feature","geometry":{"type":"Point","coordinates":[139.9258942,35.8720262]},"properties":{"name":"流山おおたかの森","name_en":"Nagareyama-otakanomori","routes":["つくばエクスプレス線","東武アーバンパークライン"]}},{"type":"Feature","geometry":{"type":"Point","coordinates":[139.7818428,35.7070597]},"properties":{"name":"新御徒町","name_en":"Shin-Okachimachi","routes":["つくばエクスプレス線","都営大江戸線"]}},{"type":"Feature","geometry":{"type":"Point","coordinates":[139.7599723,35.662907]},"properties":{"name":"汐留","name_en":"Shiodome","routes":["ゆりかもめ","都営大江戸線"]}},{"type":"Feature","geometry":{"type":"Point","coordinates":[139.7128829,35.6059262]},"properties":{"name":"中延","name_en":"Nakanobu","routes":["東急大井町線","都営浅草線"]}},{"type":"Feature","geometry":{"type":"Point","coordinates":[139.7863101,35.6973915]},"properties":{"name":"浅草橋","name_en":"Asakusabashi","routes":["中央・総武緩行線","都営浅草線"]}},{"type":"Feature","geometry":{"type":"Point","coordinates":[139.790939,35.7032122]},"properties":{"name":"蔵前","name_en":"Kuramae","routes":["都営大江戸線","都営浅草線"]}},{"type":"Feature","geometry":{"type":"Point","coordinates":[139.4132001,35.8572924]},"properties":{"name":"狭山市","name_en":"Sayamashi","routes":["小江戸","西武新宿線"]}},{"type":"Feature","geometry":{"type":"Point","coordinates":[139.4812498,35.9140896]},"properties":{"name":"本川越","name_en":"Hon-Kawagoe","routes":["小江戸","西武新宿線"]}},{"type":"Feature","geometry":{"type":"Point","coordinates":[140.315512125,35.77643625]},"properties":{"name":"京成成田","name_en":"Keisei-Narita","routes":["京成本線","京成電鉄シテイライナー"]}},{"type":"Feature","geometry":{"type":"Point","coordinates":[139.8267172,35.6973248]},"properties":{"name":"亀戸","name_en":"Kameido","routes":["中央・総武緩行線","東武鉄道亀戸線"]}},{"type":"Feature","geometry":{"type":"Point","coordinates":[139.7929596,35.6957996]},"properties":{"name":"両国","name_en":"Ryogoku","routes":["中央・総武緩行線","都営大江戸線"]}},{"type":"Feature","geometry":{"type":"Point","coordinates":[139.6832315,35.7073477]},"properties":{"name":"東中野","name_en":"Higashi-Nakano","routes":["中央・総武緩行線","都営大江戸線"]}},{"type":"Feature","geometry":{"type":"Point","coordinates":[139.6479768,35.7424193]},"properties":{"name":"豊島園","name_en":"Toshimaen","routes":["西武豊島線","都営大江戸線"]}},{"type":"Feature","geometry":{"type":"Point","coordinates":[139.686289,35.7150887]},"properties":{"name":"中井","name_en":"Nakai","routes":["西武新宿線","都営大江戸線"]}},{"type":"Feature","geometry":{"type":"Point","coordinates":[139.7361613,35.6565014]},"properties":{"name":"麻布十番","name_en":"Azabu-juban","routes":["東京メトロ南北線","都営大江戸線"]}},{"type":"Feature","geometry":{"type":"Point","coordinates":[139.7950674,35.6722878]},"properties":{"name":"門前仲町","name_en":"Monzen-nakacho","routes":["東京メトロ東西線","都営大江戸線"]}},{"type":"Feature","geometry":{"type":"Point","coordinates":[139.707695,35.698933]},"properties":{"name":"東新宿","name_en":"Higashi-shinjuku","routes":["東京メトロ副都心線","都営大江戸線"]}},{"type":"Feature","geometry":{"type":"Point","coordinates":[139.10533,36.27308286666667]},"properties":{"name":"新町","name_en":"Shinmachi","routes":["湘南新宿ライン","高崎線"]}},{"type":"Feature","geometry":{"type":"Point","coordinates":[139.14923083333335,36.2535763]},"properties":{"name":"神保原","name_en":"Jimbohara","routes":["湘南新宿ライン","高崎線"]}},{"type":"Feature","geometry":{"type":"Point","coordinates":[139.18857333333332,36.23610313333334]},"properties":{"name":"本庄","name_en":"Honjo","routes":["湘南新宿ライン","高崎線"]}},{"type":"Feature","geometry":{"type":"Point","coordinates":[139.2376031,36.20565563333333]},"properties":{"name":"岡部","name_en":"Okabe","routes":["湘南新宿ライン","高崎線"]}},{"type":"Feature","geometry":{"type":"Point","coordinates":[139.2811027,36.19155543333333]},"properties":{"name":"深谷","name_en":"Fukaya","routes":["湘南新宿ライン","高崎線"]}},{"type":"Feature","geometry":{"type":"Point","coordinates":[139.33042493333335,36.17453656666667]},"properties":{"name":"籠原","name_en":"Kagohara","routes":["湘南新宿ライン","高崎線"]}},{"type":"Feature","geometry":{"type":"Point","coordinates":[139.43203423333333,36.11403443333333]},"properties":{"name":"行田","name_en":"Gyoda","routes":["湘南新宿ライン","高崎線"]}},{"type":"Feature","geometry":{"type":"Point","coordinates":[139.45299833333334,36.10322693333333]},"properties":{"name":"吹上","name_en":"Fukiage","routes":["湘南新宿ライン","高崎線"]}},{"type":"Feature","geometry":{"type":"Point","coordinates":[139.4769504666667,36.08558826666667]},"properties":{"name":"北鴻巣","name_en":"Kita-Konosu","routes":["湘南新宿ライン","高崎線"]}},{"type":"Feature","geometry":{"type":"Point","coordinates":[139.50956726666666,36.059211033333334]},"properties":{"name":"鴻巣","name_en":"Konosu","routes":["湘南新宿ライン","高崎線"]}},{"type":"Feature","geometry":{"type":"Point","coordinates":[139.53394193333335,36.03159886666666]},"properties":{"name":"北本","name_en":"Kitamoto","routes":["湘南新宿ライン","高崎線"]}},{"type":"Feature","geometry":{"type":"Point","coordinates":[139.5639354333333,35.99872873333333]},"properties":{"name":"桶川","name_en":"Okegawa","routes":["湘南新宿ライン","高崎線"]}},{"type":"Feature","geometry":{"type":"Point","coordinates":[139.57718543333334,35.98559576666667]},"properties":{"name":"北上尾","name_en":"Kita-Ageo","routes":["湘南新宿ライン","高崎線"]}},{"type":"Feature","geometry":{"type":"Point","coordinates":[139.5885121,35.97334746666667]},"properties":{"name":"上尾","name_en":"Ageo","routes":["湘南新宿ライン","高崎線"]}},{"type":"Feature","geometry":{"type":"Point","coordinates":[139.6095462,35.9403002]},"properties":{"name":"宮原","name_en":"Miyahara","routes":["湘南新宿ライン","高崎線"]}},{"type":"Feature","geometry":{"type":"Point","coordinates":[139.447065,35.3368525]},"properties":{"name":"辻堂","name_en":"Tsujidō","routes":["JR東海道本線","湘南新宿ライン"]}},{"type":"Feature","geometry":{"type":"Point","coordinates":[139.3492322,35.3274105]},"properties":{"name":"平塚","name_en":"Hiratsuka","routes":["JR東海道本線","湘南新宿ライン"]}},{"type":"Feature","geometry":{"type":"Point","coordinates":[139.214209,35.2812891]},"properties":{"name":"国府津","name_en":"Kōzu","routes":["JR東海道本線","湘南新宿ライン"]}},{"type":"Feature","geometry":{"type":"Point","coordinates":[139.1802438,35.2757379]},"properties":{"name":"鴨宮","name_en":"Kamonomiya","routes":["JR東海道本線","湘南新宿ライン"]}},{"type":"Feature","geometry":{"type":"Point","coordinates":[139.7382749,35.7523466]},"properties":{"name":"王子","name_en":"Ōji","routes":["JR京浜東北線","東京メトロ南北線"]}},{"type":"Feature","geometry":{"type":"Point","coordinates":[139.6759759,35.5083388]},"properties":{"name":"鶴見","name_en":"Tsurumi","routes":["JR京浜東北線","JR鶴見線"]}},{"type":"Feature","geometry":{"type":"Point","coordinates":[139.790321,35.777253]},"properties":{"name":"西新井","name_en":"Nishiarai","routes":["東武スカイツリーライン","東武大師線"]}},{"type":"Feature","geometry":{"type":"Point","coordinates":[139.8167501,35.7183056]},"properties":{"name":"曳舟","name_en":"Hikifune","routes":["東武スカイツリーライン","東武鉄道亀戸線"]}},{"type":"Feature","geometry":{"type":"Point","coordinates":[139.923649,35.6666362]},"properties":{"name":"市川塩浜","name_en":"Ichikawa-Shiohama","routes":["JR京葉線","京葉線"]}},{"type":"Feature","geometry":{"type":"Point","coordinates":[139.6727375,35.6040262]},"properties":{"name":"奥沢","name_en":"Okusawa","routes":["東京地下鉄-目黒線","東急目黒線"]}},{"type":"Feature","geometry":{"type":"Point","coordinates":[139.6941664,35.6101514]},"properties":{"name":"洗足","name_en":"Senzoku","routes":["東京地下鉄-目黒線","東急目黒線"]}},{"type":"Feature","geometry":{"type":"Point","coordinates":[139.7045734,35.6205612]},"properties":{"name":"武蔵小山","name_en":"Musashi-koyama","routes":["東京地下鉄-目黒線","東急目黒線"]}},{"type":"Feature","geometry":{"type":"Point","coordinates":[139.713046,35.6253418]},"properties":{"name":"不動前","name_en":"Fudo-mae","routes":["東京地下鉄-目黒線","東急目黒線"]}},{"type":"Feature","geometry":{"type":"Point","coordinates":[139.7954579,35.8540888]},"properties":{"name":"新田","name_en":"Shinden","routes":["JR東北本線","東武スカイツリーライン"]}},{"type":"Feature","geometry":{"type":"Point","coordinates":[139.752274025,35.98014345]},"properties":{"name":"春日部","name_en":"Kasukabe","routes":["東武アーバンパークライン","東武スカイツリーライン"]}},{"type":"Feature","geometry":{"type":"Point","coordinates":[139.6686209,35.7410899]},"properties":{"name":"新桜台","name_en":"Shin-Sakuradai","routes":["西武有楽町・池袋線","西武有楽町線"]}},{"type":"Feature","geometry":{"type":"Point","coordinates":[139.6204103,35.3860018]},"properties":{"name":"新杉田","name_en":"Shin-Sugita","routes":["JR根岸線","横浜シーサイドライン金沢シーサイドライン"]}},{"type":"Feature","geometry":{"type":"Point","coordinates":[139.9444481,36.5984145]},"properties":{"name":"岡本","name_en":"Okamoto","routes":["JR宇都宮線","JR東北本線"]}},{"type":"Feature","geometry":{"type":"Point","coordinates":[139.979591,36.6314909]},"properties":{"name":"宝積寺","name_en":"Hoshakuji","routes":["JR宇都宮線","JR東北本線"]}},{"type":"Feature","geometry":{"type":"Point","coordinates":[139.962198,36.681443]},"properties":{"name":"氏家","name_en":"Ujiie","routes":["JR宇都宮線","JR東北本線"]}},{"type":"Feature","geometry":{"type":"Point","coordinates":[139.9502693,36.7212122]},"properties":{"name":"蒲須坂","name_en":"Kamasusaka","routes":["JR宇都宮線","JR東北本線"]}},{"type":"Feature","geometry":{"type":"Point","coordinates":[139.9459854,36.7542157]},"properties":{"name":"片岡","name_en":"Kataoka","routes":["JR宇都宮線","JR東北本線"]}},{"type":"Feature","geometry":{"type":"Point","coordinates":[139.9328265,36.8067528]},"properties":{"name":"矢板","name_en":"Yaita","routes":["JR宇都宮線","JR東北本線"]}},{"type":"Feature","geometry":{"type":"Point","coordinates":[139.9579832,36.8437535]},"properties":{"name":"野崎","name_en":"Nozaki","routes":["JR宇都宮線","JR東北本線"]}},{"type":"Feature","geometry":{"type":"Point","coordinates":[139.9867128,36.8844145]},"properties":{"name":"西那須野","name_en":"Nishi-Nasuno","routes":["JR宇都宮線","JR東北本線"]}},{"type":"Feature","geometry":{"type":"Point","coordinates":[140.0601121,36.9701908]},"properties":{"name":"黒磯","name_en":"Kuroiso","routes":["JR宇都宮線","JR東北本線"]}},{"type":"Feature","geometry":{"type":"Point","coordinates":[140.0417146,35.7214536]},"properties":{"name":"北習志野","name_en":"Kita-narashino","routes":["京成松戸線","東葉高速線"]}},{"type":"Feature","geometry":{"type":"Point","coordinates":[139.7221,35.7834478]},"properties":{"name":"赤羽岩淵","name_en":"Akabane-iwabuchi","routes":["埼玉高速鉄道線","東京メトロ南北線"]}},{"type":"Feature","geometry":{"type":"Point","coordinates":[139.666303,35.6445861]},"properties":{"name":"西太子堂","name_en":"Nishi-taishido","routes":["東急電鉄世田谷線","東急電鉄世田谷線三軒茶屋"]}},{"type":"Feature","geometry":{"type":"Point","coordinates":[139.6598567,35.6459516]},"properties":{"name":"若林","name_en":"Wakabayashi","routes":["東急電鉄世田谷線","東急電鉄世田谷線三軒茶屋"]}},{"type":"Feature","geometry":{"type":"Point","coordinates":[139.6551898,35.6439381]},"properties":{"name":"松陰神社前","name_en":"Shoin-jinja-mae","routes":["東急電鉄世田谷線","東急電鉄世田谷線三軒茶屋"]}},{"type":"Feature","geometry":{"type":"Point","coordinates":[139.6508094,35.6435069]},"properties":{"name":"世田谷","name_en":"Setagaya","routes":["東急電鉄世田谷線","東急電鉄世田谷線三軒茶屋"]}},{"type":"Feature","geometry":{"type":"Point","coordinates":[139.6468285,35.6432455]},"properties":{"name":"上町","name_en":"Kamimachi","routes":["東急電鉄世田谷線","東急電鉄世田谷線三軒茶屋"]}},{"type":"Feature","geometry":{"type":"Point","coordinates":[139.6449893,35.6478254]},"properties":{"name":"宮の坂","name_en":"Miyanosaka","routes":["東急電鉄世田谷線","東急電鉄世田谷線三軒茶屋"]}},{"type":"Feature","geometry":{"type":"Point","coordinates":[139.641968,35.6601167]},"properties":{"name":"松原","name_en":"Matsubara","routes":["東急電鉄世田谷線","東急電鉄世田谷線三軒茶屋"]}},{"type":"Feature","geometry":{"type":"Point","coordinates":[139.6941688,36.136409900000004]},"properties":{"name":"栗橋","name_en":"Kurihashi","routes":["JR宇都宮線","JR東北本線"]}},{"type":"Feature","geometry":{"type":"Point","coordinates":[140.26474466666667,36.76614851666667]},"properties":{"name":"愛宕","name_en":"Atago","routes":["JR東北本線","東武アーバンパークライン"]}},{"type":"Feature","geometry":{"type":"Point","coordinates":[138.9423212,35.6132393]},"properties":{"name":"大月","name_en":"Otsuki","routes":["JR中央線","あずさ"]}},{"type":"Feature","geometry":{"type":"Point","coordinates":[138.73415956666668,35.705430633333336]},"properties":{"name":"塩山","name_en":"Enzan","routes":["JR中央線","あずさ"]}},{"type":"Feature","geometry":{"type":"Point","coordinates":[138.68300036666668,35.68492723333333]},"properties":{"name":"山梨市","name_en":"Yamanashishi","routes":["JR中央線","あずさ"]}},{"type":"Feature","geometry":{"type":"Point","coordinates":[138.63543860000001,35.65768323333333]},"properties":{"name":"石和温泉","name_en":"Isawa-Onsen","routes":["JR中央線","あずさ"]}},{"type":"Feature","geometry":{"type":"Point","coordinates":[138.56899995,35.6671788]},"properties":{"name":"甲府","name_en":"Kofu","routes":["JR中央線","あずさ"]}},{"type":"Feature","geometry":{"type":"Point","coordinates":[138.45093015,35.71020405]},"properties":{"name":"韮崎","name_en":"Nirasaki","routes":["JR中央線","あずさ"]}},{"type":"Feature","geometry":{"type":"Point","coordinates":[138.31594339999998,35.863909050000004]},"properties":{"name":"小淵沢","name_en":"Kobuchizawa","routes":["JR中央線","あずさ"]}},{"type":"Feature","geometry":{"type":"Point","coordinates":[138.23846365,35.91213705]},"properties":{"name":"富士見","name_en":"Fujimi","routes":["JR中央線","あずさ"]}},{"type":"Feature","geometry":{"type":"Point","coordinates":[138.15225944999997,35.99441615]},"properties":{"name":"茅野","name_en":"Chino","routes":["JR中央線","あずさ"]}},{"type":"Feature","geometry":{"type":"Point","coordinates":[138.1163284,36.04662795]},"properties":{"name":"上諏訪","name_en":"Kami-Suwa","routes":["JR中央線","あずさ"]}},{"type":"Feature","geometry":{"type":"Point","coordinates":[138.0848101,36.07197715]},"properties":{"name":"下諏訪","name_en":"Shimo-Suwa","routes":["JR中央線","あずさ"]}},{"type":"Feature","geometry":{"type":"Point","coordinates":[138.04471360000002,36.056569100000004]},"properties":{"name":"岡谷","name_en":"Okaya","routes":["JR中央線","あずさ"]}},{"type":"Feature","geometry":{"type":"Point","coordinates":[137.94796395,36.1144736]},"properties":{"name":"塩尻","name_en":"Shiojiri","routes":["JR中央線","あずさ"]}},{"type":"Feature","geometry":{"type":"Point","coordinates":[139.4197824,35.7704505]},"properties":{"name":"西武球場前","name_en":"Seibukyujo-mae","routes":["西武山口線","西武鉄道狭山線"]}},{"type":"Feature","geometry":{"type":"Point","coordinates":[139.7025878,35.604888]},"properties":{"name":"旗の台","name_en":"Hatanodai","routes":["東急大井町線","東急池上線"]}},{"type":"Feature","geometry":{"type":"Point","coordinates":[139.5865223,35.7495045]},"properties":{"name":"大泉学園","name_en":"Oizumi-gakuen","routes":["西武有楽町・池袋線","西武鉄道池袋線"]}},{"type":"Feature","geometry":{"type":"Point","coordinates":[139.5455333,35.7515231]},"properties":{"name":"ひばりヶ丘","name_en":"Hibarigaoka","routes":["西武有楽町・池袋線","西武鉄道池袋線"]}},{"type":"Feature","geometry":{"type":"Point","coordinates":[139.5340853,35.7602506]},"properties":{"name":"東久留米","name_en":"Higashi-Kurume","routes":["西武有楽町・池袋線","西武鉄道池袋線"]}},{"type":"Feature","geometry":{"type":"Point","coordinates":[139.5198187,35.772084]},"properties":{"name":"清瀬","name_en":"Kiyose","routes":["西武有楽町・池袋線","西武鉄道池袋線"]}},{"type":"Feature","geometry":{"type":"Point","coordinates":[139.496609,35.7785324]},"properties":{"name":"秋津","name_en":"Akitsu","routes":["西武有楽町・池袋線","西武鉄道池袋線"]}},{"type":"Feature","geometry":{"type":"Point","coordinates":[139.4167118,35.8105229]},"properties":{"name":"狭山ヶ丘","name_en":"Sayamagaoka","routes":["西武有楽町・池袋線","西武鉄道池袋線"]}},{"type":"Feature","geometry":{"type":"Point","coordinates":[139.4125668,35.821335]},"properties":{"name":"武蔵藤沢","name_en":"Musashi-Fujisawa","routes":["西武有楽町・池袋線","西武鉄道池袋線"]}},{"type":"Feature","geometry":{"type":"Point","coordinates":[139.3985589,35.8449274]},"properties":{"name":"稲荷山公園","name_en":"Inariyama-koen","routes":["西武有楽町・池袋線","西武鉄道池袋線"]}},{"type":"Feature","geometry":{"type":"Point","coordinates":[139.3599938,35.8377028]},"properties":{"name":"仏子","name_en":"Bushi","routes":["西武有楽町・池袋線","西武鉄道池袋線"]}},{"type":"Feature","geometry":{"type":"Point","coordinates":[139.345729,35.8405537]},"properties":{"name":"元加治","name_en":"Motokaji","routes":["西武有楽町・池袋線","西武鉄道池袋線"]}},{"type":"Feature","geometry":{"type":"Point","coordinates":[139.6300042,35.7359523]},"properties":{"name":"富士見台","name_en":"Fujimidai","routes":["西武有楽町・池袋線","西武鉄道池袋線"]}},{"type":"Feature","geometry":{"type":"Point","coordinates":[139.6378105,35.7368176]},"properties":{"name":"中村橋","name_en":"Nakamurabashi","routes":["西武有楽町・池袋線","西武鉄道池袋線"]}},{"type":"Feature","geometry":{"type":"Point","coordinates":[139.6163048,35.7409213]},"properties":{"name":"練馬高野台","name_en":"Nerima-Takanodai","routes":["西武有楽町・池袋線","西武鉄道池袋線"]}},{"type":"Feature","geometry":{"type":"Point","coordinates":[139.483502,35.308873]},"properties":{"name":"片瀬江ノ島","name_en":"Katase-Enoshima","routes":["えのしま","小田急江ノ島線"]}},{"type":"Feature","geometry":{"type":"Point","coordinates":[139.3704809,35.7262975]},"properties":{"name":"西武立川","name_en":"Seibu-Tachikawa","routes":["拝島ライナー","西武拝島線"]}},{"type":"Feature","geometry":{"type":"Point","coordinates":[139.3922831,35.7289155]},"properties":{"name":"武蔵砂川","name_en":"Musashi-Sunagawa","routes":["拝島ライナー","西武拝島線"]}},{"type":"Feature","geometry":{"type":"Point","coordinates":[139.4178727,35.7322373]},"properties":{"name":"玉川上水","name_en":"Tamagawa-Josui","routes":["拝島ライナー","西武拝島線"]}},{"type":"Feature","geometry":{"type":"Point","coordinates":[139.4345214,35.7328898]},"properties":{"name":"東大和市","name_en":"Higashiyamatoshi","routes":["拝島ライナー","西武拝島線"]}},{"type":"Feature","geometry":{"type":"Point","coordinates":[135.50013320000002,34.73353155]},"properties":{"name":"新大阪","name_en":"Shin-Osaka","routes":["こだま","のぞみ"]}},{"type":"Feature","geometry":{"type":"Point","coordinates":[136.880978475,35.170581475]},"properties":{"name":"名古屋","name_en":"Nagoya","routes":["こだま","のぞみ"]}},{"type":"Feature","geometry":{"type":"Point","coordinates":[136.2901179,35.3149074]},"properties":{"name":"米原","name_en":"Maibara","routes":["JR東海道本線","こだま"]}},{"type":"Feature","geometry":{"type":"Point","coordinates":[137.0614456,34.9703195]},"properties":{"name":"三河安城","name_en":"Mikawa-Anjo","routes":["JR東海道本線","こだま"]}},{"type":"Feature","geometry":{"type":"Point","coordinates":[137.3821758,34.7630551]},"properties":{"name":"豊橋","name_en":"Toyohashi","routes":["JR東海道本線","こだま"]}},{"type":"Feature","geometry":{"type":"Point","coordinates":[137.7348139,34.7040059]},"properties":{"name":"浜松","name_en":"Hamamatsu","routes":["JR東海道本線","こだま"]}},{"type":"Feature","geometry":{"type":"Point","coordinates":[138.0146156,34.7693974]},"properties":{"name":"掛川","name_en":"Kakegawa","routes":["JR東海道本線","こだま"]}},{"type":"Feature","geometry":{"type":"Point","coordinates":[138.3883294,34.9715372]},"properties":{"name":"静岡","name_en":"Shizuoka","routes":["JR東海道本線","こだま"]}},{"type":"Feature","geometry":{"type":"Point","coordinates":[138.91061428333333,35.126688800000004]},"properties":{"name":"三島","name_en":"Mishima","routes":["JR東海道本線","こだま"]}},{"type":"Feature","geometry":{"type":"Point","coordinates":[136.07813555,35.64498975]},"properties":{"name":"敦賀","name_en":"Tsuruga","routes":["かがやき","はくたか"]}},{"type":"Feature","geometry":{"type":"Point","coordinates":[136.22347860000002,36.06177825]},"properties":{"name":"福井","name_en":"Fukui","routes":["かがやき","はくたか"]}},{"type":"Feature","geometry":{"type":"Point","coordinates":[136.6481296,36.57804725]},"properties":{"name":"金沢","name_en":"Kanazawa","routes":["かがやき","はくたか"]}},{"type":"Feature","geometry":{"type":"Point","coordinates":[137.2134557,36.70138585]},"properties":{"name":"富山","name_en":"Toyama","routes":["かがやき","はくたか"]}},{"type":"Feature","geometry":{"type":"Point","coordinates":[139.1796016,36.21880615]},"properties":{"name":"本庄早稲田","name_en":"Honjōwaseda","routes":["あさま","たにがわ"]}},{"type":"Feature","geometry":{"type":"Point","coordinates":[139.6672321,35.6736801]},"properties":{"name":"笹塚","name_en":"Sasazuka","routes":["京王新線","京王線"]}},{"type":"Feature","geometry":{"type":"Point","coordinates":[139.4153179,35.4667081]},"properties":{"name":"かしわ台","name_en":"Kashiwadai","routes":["相鉄・JR直通線","相鉄本線"]}},{"type":"Feature","geometry":{"type":"Point","coordinates":[139.4285691,35.4715574]},"properties":{"name":"さがみ野","name_en":"Sagamino","routes":["相鉄・JR直通線","相鉄本線"]}},{"type":"Feature","geometry":{"type":"Point","coordinates":[139.440843,35.4705798]},"properties":{"name":"相模大塚","name_en":"Sagami-Otsuka","routes":["相鉄・JR直通線","相鉄本線"]}},{"type":"Feature","geometry":{"type":"Point","coordinates":[139.4825295,35.4703958]},"properties":{"name":"瀬谷","name_en":"Seya","routes":["相鉄・JR直通線","相鉄本線"]}},{"type":"Feature","geometry":{"type":"Point","coordinates":[139.5025493,35.4678244]},"properties":{"name":"三ツ境","name_en":"Mitsukyo","routes":["相鉄・JR直通線","相鉄本線"]}},{"type":"Feature","geometry":{"type":"Point","coordinates":[139.5142614,35.4604534]},"properties":{"name":"希望ヶ丘","name_en":"Kibogaoka","routes":["相鉄・JR直通線","相鉄本線"]}},{"type":"Feature","geometry":{"type":"Point","coordinates":[139.4151494,35.66128]},"properties":{"name":"高幡不動","name_en":"Takahatafudo","routes":["京王線","京王電鉄動物園線"]}},{"type":"Feature","geometry":{"type":"Point","coordinates":[139.6504275,35.6684337]},"properties":{"name":"明大前","name_en":"Meidaimae","routes":["京王線","京王電鉄井の頭線"]}},{"type":"Feature","geometry":{"type":"Point","coordinates":[139.5448061,35.6517768]},"properties":{"name":"調布","name_en":"Chofu","routes":["京王線","京王電鉄相模原線"]}},{"type":"Feature","geometry":{"type":"Point","coordinates":[139.4951461,35.6688995]},"properties":{"name":"東府中","name_en":"Higashi-fuchu","routes":["京王競馬場線","京王線"]}},{"type":"Feature","geometry":{"type":"Point","coordinates":[139.3540839,35.6446036]},"properties":{"name":"北野","name_en":"Kitano","routes":["京王線","高尾線"]}},{"type":"Feature","geometry":{"type":"Point","coordinates":[139.7137564,35.5103253]},"properties":{"name":"浜川崎","name_en":"Hama-Kawasaki","routes":["JR南武線浜川崎","JR鶴見線"]}},{"type":"Feature","geometry":{"type":"Point","coordinates":[139.3936344,35.7035276]},"properties":{"name":"西立川","name_en":"Nishi-Tachikawa","routes":["JR中央線・青梅線立川","JR青梅線"]}},{"type":"Feature","geometry":{"type":"Point","coordinates":[140.96775485,38.57089415]},"properties":{"name":"古川","name_en":"Furukawa","routes":["はやぶさ","やまびこ"]}},{"type":"Feature","geometry":{"type":"Point","coordinates":[140.1492345,35.636082]},"properties":{"name":"都賀","name_en":"Tsuga","routes":["JR成田線","総武本線"]}},{"type":"Feature","geometry":{"type":"Point","coordinates":[140.20006595,35.6854009]},"properties":{"name":"物井","name_en":"Monoi","routes":["JR成田線","総武本線"]}},{"type":"Feature","geometry":{"type":"Point","coordinates":[140.1221308,35.6168339]},"properties":{"name":"東千葉","name_en":"Higashi-Chiba","routes":["JR成田線","総武本線"]}},{"type":"Feature","geometry":{"type":"Point","coordinates":[139.3634231,35.6693559]},"properties":{"name":"北八王子","name_en":"Kita-Hachiōji","routes":["八高線"]}},{"type":"Feature","geometry":{"type":"Point","coordinates":[139.3688288,35.6855706]},"properties":{"name":"小宮","name_en":"Komiya","routes":["八高線"]}},{"type":"Feature","geometry":{"type":"Point","coordinates":[139.3359519,35.7457424]},"properties":{"name":"東福生","name_en":"Higashi-Fussa","routes":["八高線"]}},{"type":"Feature","geometry":{"type":"Point","coordinates":[139.3467422,35.7713447]},"properties":{"name":"箱根ヶ崎","name_en":"Hakonegasaki","routes":["八高線"]}},{"type":"Feature","geometry":{"type":"Point","coordinates":[139.3093003,35.9403972]},"properties":{"name":"毛呂","name_en":"Moro","routes":["八高線"]}},{"type":"Feature","geometry":{"type":"Point","coordinates":[139.2889138,36.0032853]},"properties":{"name":"明覚","name_en":"","routes":["八高線"]}},{"type":"Feature","geometry":{"type":"Point","coordinates":[139.2301833,36.0754682]},"properties":{"name":"竹沢","name_en":"","routes":["八高線"]}},{"type":"Feature","geometry":{"type":"Point","coordinates":[139.1952953,36.0962747]},"properties":{"name":"折原","name_en":"Orihara","routes":["八高線"]}},{"type":"Feature","geometry":{"type":"Point","coordinates":[139.2010083,36.1534484]},"properties":{"name":"用土","name_en":"Yodo","routes":["八高線"]}},{"type":"Feature","geometry":{"type":"Point","coordinates":[139.1821775,36.1729951]},"properties":{"name":"松久","name_en":"Matsuhisa","routes":["八高線"]}},{"type":"Feature","geometry":{"type":"Point","coordinates":[139.1359581,36.1926268]},"properties":{"name":"児玉","name_en":"Kodama","routes":["八高線"]}},{"type":"Feature","geometry":{"type":"Point","coordinates":[139.1026725,36.2164897]},"properties":{"name":"丹荘","name_en":"Tansho","routes":["八高線"]}},{"type":"Feature","geometry":{"type":"Point","coordinates":[139.083422,36.2501545]},"properties":{"name":"群馬藤岡","name_en":"Gunma-Fujioka","routes":["八高線"]}},{"type":"Feature","geometry":{"type":"Point","coordinates":[139.0809068,36.2824282]},"properties":{"name":"北藤岡","name_en":"Kita-Fujioka","routes":["八高線"]}},{"type":"Feature","geometry":{"type":"Point","coordinates":[139.4582718,35.5103897]},"properties":{"name":"つきみ野","name_en":"Tsukimino","routes":["東急田園都市線"]}},{"type":"Feature","geometry":{"type":"Point","coordinates":[139.4707911,35.5115009]},"properties":{"name":"南町田グランベリーパーク","name_en":"Minami-machida Grandberry Park","routes":["東急田園都市線"]}},{"type":"Feature","geometry":{"type":"Point","coordinates":[139.4814366,35.5169105]},"properties":{"name":"すずかけ台","name_en":"Suzukakedai","routes":["東急田園都市線"]}},{"type":"Feature","geometry":{"type":"Point","coordinates":[139.4851103,35.5276368]},"properties":{"name":"つくし野","name_en":"Tsukushino","routes":["東急田園都市線"]}},{"type":"Feature","geometry":{"type":"Point","coordinates":[139.5049076,35.5362568]},"properties":{"name":"田奈","name_en":"Tana","routes":["東急田園都市線"]}},{"type":"Feature","geometry":{"type":"Point","coordinates":[139.5172312,35.5428783]},"properties":{"name":"青葉台","name_en":"Aobadai","routes":["東急田園都市線"]}},{"type":"Feature","geometry":{"type":"Point","coordinates":[139.527979,35.5434977]},"properties":{"name":"藤が丘","name_en":"Fujigaoka","routes":["東急田園都市線"]}},{"type":"Feature","geometry":{"type":"Point","coordinates":[139.5412811,35.5513481]},"properties":{"name":"市が尾","name_en":"Ichigao","routes":["東急田園都市線"]}},{"type":"Feature","geometry":{"type":"Point","coordinates":[139.5514544,35.5585746]},"properties":{"name":"江田","name_en":"Eda","routes":["東急田園都市線"]}},{"type":"Feature","geometry":{"type":"Point","coordinates":[139.5588739,35.5775269]},"properties":{"name":"たまプラーザ","name_en":"Tama-plaza","routes":["東急田園都市線"]}},{"type":"Feature","geometry":{"type":"Point","coordinates":[139.572855,35.5794438]},"properties":{"name":"鷺沼","name_en":"Saginuma","routes":["東急田園都市線"]}},{"type":"Feature","geometry":{"type":"Point","coordinates":[139.5820388,35.5849617]},"properties":{"name":"宮前平","name_en":"Miyamaedaira","routes":["東急田園都市線"]}},{"type":"Feature","geometry":{"type":"Point","coordinates":[139.5911245,35.5870526]},"properties":{"name":"宮崎台","name_en":"Miyazakidai","routes":["東急田園都市線"]}},{"type":"Feature","geometry":{"type":"Point","coordinates":[139.6054789,35.5936505]},"properties":{"name":"梶が谷","name_en":"Kajigaya","routes":["東急田園都市線"]}},{"type":"Feature","geometry":{"type":"Point","coordinates":[139.6341544,35.6266472]},"properties":{"name":"用賀","name_en":"Yoga","routes":["東急田園都市線"]}},{"type":"Feature","geometry":{"type":"Point","coordinates":[139.6453688,35.6317241]},"properties":{"name":"桜新町","name_en":"Sakura-shimmachi","routes":["東急田園都市線"]}},{"type":"Feature","geometry":{"type":"Point","coordinates":[139.6611562,35.6331934]},"properties":{"name":"駒沢大学","name_en":"Komazawa-daigaku","routes":["東急田園都市線"]}},{"type":"Feature","geometry":{"type":"Point","coordinates":[139.6847724,35.6507634]},"properties":{"name":"池尻大橋","name_en":"Ikejiri-ohashi","routes":["東急田園都市線"]}},{"type":"Feature","geometry":{"type":"Point","coordinates":[139.9038381,35.7060788]},"properties":{"name":"篠崎","name_en":"Shinozaki","routes":["都営新宿線"]}},{"type":"Feature","geometry":{"type":"Point","coordinates":[139.8976392,35.6932479]},"properties":{"name":"瑞江","name_en":"Mizue","routes":["都営新宿線"]}},{"type":"Feature","geometry":{"type":"Point","coordinates":[139.8831198,35.6860437]},"properties":{"name":"一之江","name_en":"Ichinoe","routes":["都営新宿線"]}},{"type":"Feature","geometry":{"type":"Point","coordinates":[139.864297,35.6838309]},"properties":{"name":"船堀","name_en":"Funabori","routes":["都営新宿線"]}},{"type":"Feature","geometry":{"type":"Point","coordinates":[139.8459524,35.6902967]},"properties":{"name":"東大島","name_en":"Higashi-ojima","routes":["都営新宿線"]}},{"type":"Feature","geometry":{"type":"Point","coordinates":[139.835076,35.6897695]},"properties":{"name":"大島","name_en":"Ojima","routes":["都営新宿線"]}},{"type":"Feature","geometry":{"type":"Point","coordinates":[139.8266345,35.6893724]},"properties":{"name":"西大島","name_en":"Nishi-ojima","routes":["都営新宿線"]}},{"type":"Feature","geometry":{"type":"Point","coordinates":[139.7881422,35.6884743]},"properties":{"name":"浜町","name_en":"Hamacho","routes":["都営新宿線"]}},{"type":"Feature","geometry":{"type":"Point","coordinates":[139.7827937,35.6921222]},"properties":{"name":"馬喰横山","name_en":"Bakuroyokoyama","routes":["都営新宿線"]}},{"type":"Feature","geometry":{"type":"Point","coordinates":[139.7753176,35.695614]},"properties":{"name":"岩本町","name_en":"Iwamotocho","routes":["都営新宿線"]}},{"type":"Feature","geometry":{"type":"Point","coordinates":[139.7376466,35.6915391]},"properties":{"name":"市ヶ谷","name_en":"Ichigaya","routes":["都営新宿線"]}},{"type":"Feature","geometry":{"type":"Point","coordinates":[139.7228634,35.6924146]},"properties":{"name":"曙橋","name_en":"Akebonobashi","routes":["都営新宿線"]}},{"type":"Feature","geometry":{"type":"Point","coordinates":[139.7193857,35.7256214]},"properties":{"name":"東池袋","name_en":"Higashi-ikebukuro","routes":["東京メトロ有楽町線"]}},{"type":"Feature","geometry":{"type":"Point","coordinates":[139.7274629,35.7190787]},"properties":{"name":"護国寺","name_en":"Gokokuji","routes":["東京メトロ有楽町線"]}},{"type":"Feature","geometry":{"type":"Point","coordinates":[139.7335636,35.7095155]},"properties":{"name":"江戸川橋","name_en":"Edogawabashi","routes":["東京メトロ有楽町線"]}},{"type":"Feature","geometry":{"type":"Point","coordinates":[139.7376514,35.6840244]},"properties":{"name":"麹町","name_en":"Kojimachi","routes":["東京メトロ有楽町線"]}},{"type":"Feature","geometry":{"type":"Point","coordinates":[139.7515757,35.6774009]},"properties":{"name":"桜田門","name_en":"Sakuradamon","routes":["東京メトロ有楽町線"]}},{"type":"Feature","geometry":{"type":"Point","coordinates":[139.7670332,35.6743469]},"properties":{"name":"銀座一丁目","name_en":"Ginza-itchome","routes":["東京メトロ有楽町線"]}},{"type":"Feature","geometry":{"type":"Point","coordinates":[139.7734197,35.6706344]},"properties":{"name":"新富町","name_en":"Shintomicho","routes":["東京メトロ有楽町線"]}},{"type":"Feature","geometry":{"type":"Point","coordinates":[139.8107392,35.6454772]},"properties":{"name":"辰巳","name_en":"Tatsumi","routes":["東京メトロ有楽町線"]}},{"type":"Feature","geometry":{"type":"Point","coordinates":[139.7222033,35.6520629]},"properties":{"name":"広尾","name_en":"Hiro-o","routes":["東京メトロ日比谷線"]}},{"type":"Feature","geometry":{"type":"Point","coordinates":[139.7450477,35.662964]},"properties":{"name":"神谷町","name_en":"Kamiyacho","routes":["東京メトロ日比谷線"]}},{"type":"Feature","geometry":{"type":"Point","coordinates":[139.7477648,35.6674688]},"properties":{"name":"虎ノ門ヒルズ","name_en":"Toranomon Hills","routes":["東京メトロ日比谷線"]}},{"type":"Feature","geometry":{"type":"Point","coordinates":[139.7725918,35.6680848]},"properties":{"name":"築地","name_en":"Tsukiji","routes":["東京メトロ日比谷線"]}},{"type":"Feature","geometry":{"type":"Point","coordinates":[139.7784526,35.6907525]},"properties":{"name":"小伝馬町","name_en":"Kodemmacho","routes":["東京メトロ日比谷線"]}},{"type":"Feature","geometry":{"type":"Point","coordinates":[139.7761952,35.7064914]},"properties":{"name":"仲御徒町","name_en":"Naka-okachimachi","routes":["東京メトロ日比谷線"]}},{"type":"Feature","geometry":{"type":"Point","coordinates":[139.7913004,35.7295502]},"properties":{"name":"三ノ輪","name_en":"Minowa","routes":["東京メトロ日比谷線"]}},{"type":"Feature","geometry":{"type":"Point","coordinates":[139.7415832,35.6852213]},"properties":{"name":"半蔵門","name_en":"Hanzomon","routes":["東京メトロ半蔵門線"]}},{"type":"Feature","geometry":{"type":"Point","coordinates":[139.7856405,35.6825235]},"properties":{"name":"水天宮前","name_en":"Suitengumae","routes":["東京メトロ半蔵門線"]}},{"type":"Feature","geometry":{"type":"Point","coordinates":[139.7907549,35.7098357]},"properties":{"name":"田原町","name_en":"Tawaramachi","routes":["東京メトロ銀座線"]}},{"type":"Feature","geometry":{"type":"Point","coordinates":[139.7826851,35.7113867]},"properties":{"name":"稲荷町","name_en":"Inaricho","routes":["東京メトロ銀座線"]}},{"type":"Feature","geometry":{"type":"Point","coordinates":[139.7729909,35.7078328]},"properties":{"name":"上野広小路","name_en":"Ueno-hirokoji","routes":["東京メトロ銀座線"]}},{"type":"Feature","geometry":{"type":"Point","coordinates":[139.7716793,35.7029361]},"properties":{"name":"末広町","name_en":"Suehirocho","routes":["東京メトロ銀座線"]}},{"type":"Feature","geometry":{"type":"Point","coordinates":[139.7700412,35.676696]},"properties":{"name":"京橋","name_en":"Kyobashi","routes":["東京メトロ銀座線"]}},{"type":"Feature","geometry":{"type":"Point","coordinates":[139.750056,35.6701871]},"properties":{"name":"虎ノ門","name_en":"Toranomon","routes":["東京メトロ銀座線"]}},{"type":"Feature","geometry":{"type":"Point","coordinates":[139.7178823,35.6704649]},"properties":{"name":"外苑前","name_en":"Gaiemmae","routes":["東京メトロ銀座線"]}},{"type":"Feature","geometry":{"type":"Point","coordinates":[139.6357088,35.6993987]},"properties":{"name":"南阿佐ケ谷","name_en":"Minami-asagaya","routes":["東京メトロ丸ノ内線"]}},{"type":"Feature","geometry":{"type":"Point","coordinates":[139.648688,35.6978735]},"properties":{"name":"新高円寺","name_en":"Shin-koenji","routes":["東京メトロ丸ノ内線"]}},{"type":"Feature","geometry":{"type":"Point","coordinates":[139.6581601,35.6979717]},"properties":{"name":"東高円寺","name_en":"Higashi-koenji","routes":["東京メトロ丸ノ内線"]}},{"type":"Feature","geometry":{"type":"Point","coordinates":[139.6686428,35.6974599]},"properties":{"name":"新中野","name_en":"Shin-nakano","routes":["東京メトロ丸ノ内線"]}},{"type":"Feature","geometry":{"type":"Point","coordinates":[139.6927667,35.6944315]},"properties":{"name":"西新宿","name_en":"Nishi-shinjuku","routes":["東京メトロ丸ノ内線"]}},{"type":"Feature","geometry":{"type":"Point","coordinates":[139.7107396,35.6885735]},"properties":{"name":"新宿御苑前","name_en":"Shinjuku-gyoemmae","routes":["東京メトロ丸ノ内線"]}},{"type":"Feature","geometry":{"type":"Point","coordinates":[139.7205752,35.687988]},"properties":{"name":"四谷三丁目","name_en":"Yotsuya-sanchome","routes":["東京メトロ丸ノ内線"]}},{"type":"Feature","geometry":{"type":"Point","coordinates":[139.767473,35.6950614]},"properties":{"name":"淡路町","name_en":"Awajicho","routes":["東京メトロ丸ノ内線"]}},{"type":"Feature","geometry":{"type":"Point","coordinates":[139.7369396,35.7171896]},"properties":{"name":"茗荷谷","name_en":"Myogadani","routes":["東京メトロ丸ノ内線"]}},{"type":"Feature","geometry":{"type":"Point","coordinates":[139.7299234,35.7257823]},"properties":{"name":"新大塚","name_en":"Shin-otsuka","routes":["東京メトロ丸ノ内線"]}},{"type":"Feature","geometry":{"type":"Point","coordinates":[139.6901224,35.6690323]},"properties":{"name":"代々木公園","name_en":"Yoyogi-koen","routes":["千代田線"]}},{"type":"Feature","geometry":{"type":"Point","coordinates":[139.726365,35.6666651]},"properties":{"name":"乃木坂","name_en":"Nogizaka","routes":["千代田線"]}},{"type":"Feature","geometry":{"type":"Point","coordinates":[139.736388,35.672224]},"properties":{"name":"赤坂","name_en":"Akasaka","routes":["千代田線"]}},{"type":"Feature","geometry":{"type":"Point","coordinates":[139.7616161,35.6803213]},"properties":{"name":"二重橋前〈丸の内〉","name_en":"Nijubashimae 'Marunouchi'","routes":["千代田線"]}},{"type":"Feature","geometry":{"type":"Point","coordinates":[139.7656264,35.6972185]},"properties":{"name":"新御茶ノ水","name_en":"Shin-ochanomizu","routes":["千代田線"]}},{"type":"Feature","geometry":{"type":"Point","coordinates":[139.7700104,35.7073329]},"properties":{"name":"湯島","name_en":"Yushima","routes":["千代田線"]}},{"type":"Feature","geometry":{"type":"Point","coordinates":[139.7657175,35.7173914]},"properties":{"name":"根津","name_en":"Nezu","routes":["千代田線"]}},{"type":"Feature","geometry":{"type":"Point","coordinates":[139.7632458,35.7255677]},"properties":{"name":"千駄木","name_en":"Sendagi","routes":["千代田線"]}},{"type":"Feature","geometry":{"type":"Point","coordinates":[139.7498924,35.654237]},"properties":{"name":"芝公園","name_en":"Shibakoen","routes":["都営三田線"]}},{"type":"Feature","geometry":{"type":"Point","coordinates":[139.7513591,35.6608011]},"properties":{"name":"御成門","name_en":"Onarimon","routes":["都営三田線"]}},{"type":"Feature","geometry":{"type":"Point","coordinates":[139.7553799,35.6694556]},"properties":{"name":"内幸町","name_en":"Uchisaiwaicho","routes":["都営三田線"]}},{"type":"Feature","geometry":{"type":"Point","coordinates":[139.7521578,35.7215048]},"properties":{"name":"白山","name_en":"Hakusan","routes":["都営三田線"]}},{"type":"Feature","geometry":{"type":"Point","coordinates":[139.7449946,35.7277122]},"properties":{"name":"千石","name_en":"Sengoku","routes":["都営三田線"]}},{"type":"Feature","geometry":{"type":"Point","coordinates":[139.7286973,35.7435537]},"properties":{"name":"西巣鴨","name_en":"Nishi-sugamo","routes":["都営三田線"]}},{"type":"Feature","geometry":{"type":"Point","coordinates":[139.7199032,35.7487966]},"properties":{"name":"新板橋","name_en":"Shin-itabashi","routes":["都営三田線"]}},{"type":"Feature","geometry":{"type":"Point","coordinates":[139.71004,35.7513477]},"properties":{"name":"板橋区役所前","name_en":"Itabashi-kuyakushomae","routes":["都営三田線"]}},{"type":"Feature","geometry":{"type":"Point","coordinates":[139.7055249,35.7614305]},"properties":{"name":"板橋本町","name_en":"Itabashihoncho","routes":["都営三田線"]}},{"type":"Feature","geometry":{"type":"Point","coordinates":[139.7024438,35.7685214]},"properties":{"name":"本蓮沼","name_en":"Motohasunuma","routes":["都営三田線"]}},{"type":"Feature","geometry":{"type":"Point","coordinates":[139.6955288,35.7756688]},"properties":{"name":"志村坂上","name_en":"Shimura-sakaue","routes":["都営三田線"]}},{"type":"Feature","geometry":{"type":"Point","coordinates":[139.6859968,35.7775108]},"properties":{"name":"志村三丁目","name_en":"Shimura-sanchome","routes":["都営三田線"]}},{"type":"Feature","geometry":{"type":"Point","coordinates":[139.6790713,35.7843239]},"properties":{"name":"蓮根","name_en":"Hasune","routes":["都営三田線"]}},{"type":"Feature","geometry":{"type":"Point","coordinates":[139.6740221,35.7869663]},"properties":{"name":"西台","name_en":"Nishidai","routes":["都営三田線"]}},{"type":"Feature","geometry":{"type":"Point","coordinates":[139.6612548,35.7889131]},"properties":{"name":"高島平","name_en":"Takashimadaira","routes":["都営三田線"]}},{"type":"Feature","geometry":{"type":"Point","coordinates":[139.6544258,35.7902142]},"properties":{"name":"新高島平","name_en":"Shin-takashimadaira","routes":["都営三田線"]}},{"type":"Feature","geometry":{"type":"Point","coordinates":[139.6457724,35.7919112]},"properties":{"name":"西高島平","name_en":"Nishi-takashimadaira","routes":["都営三田線"]}},{"type":"Feature","geometry":{"type":"Point","coordinates":[139.7011399,35.23265725]},"properties":{"name":"久里浜","name_en":"Kurihama","routes":["横須賀線"]}},{"type":"Feature","geometry":{"type":"Point","coordinates":[139.661167,35.25710505]},"properties":{"name":"衣笠","name_en":"Kinugasa","routes":["横須賀線"]}},{"type":"Feature","geometry":{"type":"Point","coordinates":[139.655214,35.2841074]},"properties":{"name":"横須賀","name_en":"Yokosuka","routes":["横須賀線"]}},{"type":"Feature","geometry":{"type":"Point","coordinates":[139.63694379999998,35.2928072]},"properties":{"name":"田浦","name_en":"Taura","routes":["横須賀線"]}},{"type":"Feature","geometry":{"type":"Point","coordinates":[139.6016477,35.2988167]},"properties":{"name":"東逗子","name_en":"Higashi-Zushi","routes":["横須賀線"]}},{"type":"Feature","geometry":{"type":"Point","coordinates":[139.6805119,35.5391816]},"properties":{"name":"矢向","name_en":"Yako","routes":["JR南武線"]}},{"type":"Feature","geometry":{"type":"Point","coordinates":[139.6750133,35.5515471]},"properties":{"name":"鹿島田","name_en":"Kashimada","routes":["JR南武線"]}},{"type":"Feature","geometry":{"type":"Point","coordinates":[139.6709343,35.5609755]},"properties":{"name":"平間","name_en":"Hirama","routes":["JR南武線"]}},{"type":"Feature","geometry":{"type":"Point","coordinates":[139.6672188,35.5729577]},"properties":{"name":"向河原","name_en":"Mukaigawara","routes":["JR南武線"]}},{"type":"Feature","geometry":{"type":"Point","coordinates":[139.6417595,35.5809082]},"properties":{"name":"武蔵中原","name_en":"Musashi-Nakahara","routes":["JR南武線"]}},{"type":"Feature","geometry":{"type":"Point","coordinates":[139.6298478,35.5871571]},"properties":{"name":"武蔵新城","name_en":"Musashi-Shinjo","routes":["JR南武線"]}},{"type":"Feature","geometry":{"type":"Point","coordinates":[139.6112408,35.5990079]},"properties":{"name":"武蔵溝ノ口","name_en":"Musashi-Mizonokuchi","routes":["JR南武線"]}},{"type":"Feature","geometry":{"type":"Point","coordinates":[139.6004567,35.6038824]},"properties":{"name":"津田山","name_en":"Tsudayama","routes":["JR南武線"]}},{"type":"Feature","geometry":{"type":"Point","coordinates":[139.5925023,35.610598]},"properties":{"name":"久地","name_en":"Kuji","routes":["JR南武線"]}},{"type":"Feature","geometry":{"type":"Point","coordinates":[139.5797649,35.6153368]},"properties":{"name":"宿河原","name_en":"Shukugawara","routes":["JR南武線"]}},{"type":"Feature","geometry":{"type":"Point","coordinates":[139.5506829,35.6301147]},"properties":{"name":"中野島","name_en":"Nakanoshima","routes":["JR南武線"]}},{"type":"Feature","geometry":{"type":"Point","coordinates":[139.5354697,35.6335119]},"properties":{"name":"稲田堤","name_en":"Inadazutsumi","routes":["JR南武線"]}},{"type":"Feature","geometry":{"type":"Point","coordinates":[139.520527,35.6416594]},"properties":{"name":"矢野口","name_en":"Yanokuchi","routes":["JR南武線"]}},{"type":"Feature","geometry":{"type":"Point","coordinates":[139.5022022,35.6444572]},"properties":{"name":"稲城長沼","name_en":"Inagi-Naganuma","routes":["JR南武線"]}},{"type":"Feature","geometry":{"type":"Point","coordinates":[139.4898983,35.6492806]},"properties":{"name":"南多摩","name_en":"Minami-Tama","routes":["JR南武線"]}},{"type":"Feature","geometry":{"type":"Point","coordinates":[139.4573995,35.6709626]},"properties":{"name":"西府","name_en":"Nishifu","routes":["JR南武線"]}},{"type":"Feature","geometry":{"type":"Point","coordinates":[139.4468745,35.6813534]},"properties":{"name":"谷保","name_en":"Yaho","routes":["JR南武線"]}},{"type":"Feature","geometry":{"type":"Point","coordinates":[139.4314996,35.6850922]},"properties":{"name":"矢川","name_en":"Yagawa","routes":["JR南武線"]}},{"type":"Feature","geometry":{"type":"Point","coordinates":[139.4240559,35.6934726]},"properties":{"name":"西国立","name_en":"Nishi-Kunitachi","routes":["JR南武線"]}},{"type":"Feature","geometry":{"type":"Point","coordinates":[139.6266407,35.4619389]},"properties":{"name":"新高島","name_en":"Shin-Takashima","routes":["横浜高速鉄道みなとみらい21線"]}},{"type":"Feature","geometry":{"type":"Point","coordinates":[139.6328453,35.4572327]},"properties":{"name":"みなとみらい","name_en":"Minatomirai","routes":["横浜高速鉄道みなとみらい21線"]}},{"type":"Feature","geometry":{"type":"Point","coordinates":[139.6362973,35.4501475]},"properties":{"name":"馬車道","name_en":"Bashamichi","routes":["横浜高速鉄道みなとみらい21線"]}},{"type":"Feature","geometry":{"type":"Point","coordinates":[139.6426718,35.4467354]},"properties":{"name":"日本大通り","name_en":"Nihon-odori","routes":["横浜高速鉄道みなとみらい21線"]}},{"type":"Feature","geometry":{"type":"Point","coordinates":[139.6509129,35.4421165]},"properties":{"name":"元町・中華街","name_en":"Motomachi-chukagai","routes":["横浜高速鉄道みなとみらい21線"]}},{"type":"Feature","geometry":{"type":"Point","coordinates":[139.5699517,35.5629066]},"properties":{"name":"中川","name_en":"Nakagawa","routes":["横浜市営地下鉄ブルーライン"]}},{"type":"Feature","geometry":{"type":"Point","coordinates":[139.5896008,35.5353094]},"properties":{"name":"仲町台","name_en":"Nakamachidai","routes":["横浜市営地下鉄ブルーライン"]}},{"type":"Feature","geometry":{"type":"Point","coordinates":[139.6120343,35.5274961]},"properties":{"name":"新羽","name_en":"Nippa","routes":["横浜市営地下鉄ブルーライン"]}},{"type":"Feature","geometry":{"type":"Point","coordinates":[139.6128054,35.5192766]},"properties":{"name":"北新横浜","name_en":"Kita-shin-yokohama","routes":["横浜市営地下鉄ブルーライン"]}},{"type":"Feature","geometry":{"type":"Point","coordinates":[139.6168238,35.4961511]},"properties":{"name":"岸根公園","name_en":"Kishine-koen","routes":["横浜市営地下鉄ブルーライン"]}},{"type":"Feature","geometry":{"type":"Point","coordinates":[139.6064834,35.4900761]},"properties":{"name":"片倉町","name_en":"Katakuracho","routes":["横浜市営地下鉄ブルーライン"]}},{"type":"Feature","geometry":{"type":"Point","coordinates":[139.6056459,35.4764152]},"properties":{"name":"三ツ沢上町","name_en":"Mitsuzawa-kamicho","routes":["横浜市営地下鉄ブルーライン"]}},{"type":"Feature","geometry":{"type":"Point","coordinates":[139.6160911,35.4765085]},"properties":{"name":"三ツ沢下町","name_en":"Mitsuzawa-shimocho","routes":["横浜市営地下鉄ブルーライン"]}},{"type":"Feature","geometry":{"type":"Point","coordinates":[139.6238581,35.4584508]},"properties":{"name":"高島町","name_en":"Takashimacho","routes":["横浜市営地下鉄ブルーライン"]}},{"type":"Feature","geometry":{"type":"Point","coordinates":[139.6327993,35.4410015]},"properties":{"name":"伊勢佐木長者町","name_en":"Isezaki-chojamachi","routes":["横浜市営地下鉄ブルーライン"]}},{"type":"Feature","geometry":{"type":"Point","coordinates":[139.6251489,35.4376268]},"properties":{"name":"阪東橋","name_en":"Bandobashi","routes":["横浜市営地下鉄ブルーライン"]}},{"type":"Feature","geometry":{"type":"Point","coordinates":[139.618715,35.4354327]},"properties":{"name":"吉野町","name_en":"Yoshinocho","routes":["横浜市営地下鉄ブルーライン"]}},{"type":"Feature","geometry":{"type":"Point","coordinates":[139.6099757,35.429909]},"properties":{"name":"蒔田","name_en":"Maita","routes":["横浜市営地下鉄ブルーライン"]}},{"type":"Feature","geometry":{"type":"Point","coordinates":[139.5959911,35.4090238]},"properties":{"name":"上大岡駅","name_en":"","routes":["横浜市営地下鉄ブルーライン"]}},{"type":"Feature","geometry":{"type":"Point","coordinates":[139.5911667,35.4011996]},"properties":{"name":"港南中央","name_en":"Konan-chuo","routes":["横浜市営地下鉄ブルーライン"]}},{"type":"Feature","geometry":{"type":"Point","coordinates":[139.5725338,35.4015158]},"properties":{"name":"上永谷","name_en":"Kaminagaya","routes":["横浜市営地下鉄ブルーライン"]}},{"type":"Feature","geometry":{"type":"Point","coordinates":[139.5594212,35.4025885]},"properties":{"name":"下永谷","name_en":"Shimonagaya","routes":["横浜市営地下鉄ブルーライン"]}},{"type":"Feature","geometry":{"type":"Point","coordinates":[139.5509416,35.4024586]},"properties":{"name":"舞岡","name_en":"Maioka","routes":["横浜市営地下鉄ブルーライン"]}},{"type":"Feature","geometry":{"type":"Point","coordinates":[139.5185313,35.4056591]},"properties":{"name":"踊場","name_en":"Odoriba","routes":["横浜市営地下鉄ブルーライン"]}},{"type":"Feature","geometry":{"type":"Point","coordinates":[139.5113307,35.4111454]},"properties":{"name":"中田","name_en":"Nakada","routes":["横浜市営地下鉄ブルーライン"]}},{"type":"Feature","geometry":{"type":"Point","coordinates":[139.5001991,35.4142695]},"properties":{"name":"立場","name_en":"Tateba","routes":["横浜市営地下鉄ブルーライン"]}},{"type":"Feature","geometry":{"type":"Point","coordinates":[139.4832081,35.4034432]},"properties":{"name":"下飯田","name_en":"Shimoiida","routes":["横浜市営地下鉄ブルーライン"]}},{"type":"Feature","geometry":{"type":"Point","coordinates":[139.2605215,35.8921031]},"properties":{"name":"東吾野","name_en":"Higashi-Agano","routes":["西武鉄道池袋線"]}},{"type":"Feature","geometry":{"type":"Point","coordinates":[139.2805808,35.8855696]},"properties":{"name":"武蔵横手","name_en":"Musashi-Yokote","routes":["西武鉄道池袋線"]}},{"type":"Feature","geometry":{"type":"Point","coordinates":[139.3044363,35.8817112]},"properties":{"name":"高麗","name_en":"Koma","routes":["西武鉄道池袋線"]}},{"type":"Feature","geometry":{"type":"Point","coordinates":[139.2022462,35.9263798]},"properties":{"name":"西吾野","name_en":"Nishi-Agano","routes":["西武鉄道西武秩父線"]}},{"type":"Feature","geometry":{"type":"Point","coordinates":[139.18148954999998,35.938390850000005]},"properties":{"name":"正丸","name_en":"Shomaru","routes":["西武鉄道西武秩父線"]}},{"type":"Feature","geometry":{"type":"Point","coordinates":[139.8704721,35.7686276]},"properties":{"name":"京成金町","name_en":"Keisei Kanamachi","routes":["京成電鉄金町線"]}},{"type":"Feature","geometry":{"type":"Point","coordinates":[139.8751807,35.7564295]},"properties":{"name":"柴又","name_en":"Shibamata","routes":["京成電鉄金町線"]}},{"type":"Feature","geometry":{"type":"Point","coordinates":[139.6462868,35.4923774]},"properties":{"name":"大口","name_en":"Oguchi","routes":["JR横浜線"]}},{"type":"Feature","geometry":{"type":"Point","coordinates":[139.5997176,35.5086932]},"properties":{"name":"小机","name_en":"Kozukue","routes":["JR横浜線"]}},{"type":"Feature","geometry":{"type":"Point","coordinates":[139.5670538,35.510947]},"properties":{"name":"鴨居","name_en":"Kamoi","routes":["JR横浜線"]}},{"type":"Feature","geometry":{"type":"Point","coordinates":[139.5165915,35.5263056]},"properties":{"name":"十日市場","name_en":"Tokaichiba","routes":["JR横浜線"]}},{"type":"Feature","geometry":{"type":"Point","coordinates":[139.4728465,35.5353877]},"properties":{"name":"成瀬","name_en":"Naruse","routes":["JR横浜線"]}},{"type":"Feature","geometry":{"type":"Point","coordinates":[139.4193144,35.5559505]},"properties":{"name":"古淵","name_en":"Kobuchi","routes":["JR横浜線"]}},{"type":"Feature","geometry":{"type":"Point","coordinates":[139.3948202,35.568732]},"properties":{"name":"淵野辺","name_en":"Fuchinobe","routes":["JR横浜線"]}},{"type":"Feature","geometry":{"type":"Point","coordinates":[139.3867585,35.5730985]},"properties":{"name":"矢部","name_en":"Yabe","routes":["JR横浜線"]}},{"type":"Feature","geometry":{"type":"Point","coordinates":[139.37074,35.5814551]},"properties":{"name":"相模原","name_en":"Sagamihara","routes":["JR横浜線"]}},{"type":"Feature","geometry":{"type":"Point","coordinates":[139.3316885,35.6068438]},"properties":{"name":"相原","name_en":"Aihara","routes":["JR横浜線"]}},{"type":"Feature","geometry":{"type":"Point","coordinates":[139.3309341,35.6312559]},"properties":{"name":"八王子みなみ野","name_en":"Hachioji-Minamino","routes":["JR横浜線"]}},{"type":"Feature","geometry":{"type":"Point","coordinates":[139.3414342,35.6398013]},"properties":{"name":"片倉","name_en":"Katakura","routes":["JR横浜線"]}},{"type":"Feature","geometry":{"type":"Point","coordinates":[139.3525575,35.5801657]},"properties":{"name":"南橋本","name_en":"Minami-Hashimoto","routes":["相模線"]}},{"type":"Feature","geometry":{"type":"Point","coordinates":[139.3631816,35.5577447]},"properties":{"name":"上溝","name_en":"Kamimizo","routes":["相模線"]}},{"type":"Feature","geometry":{"type":"Point","coordinates":[139.3629739,35.5453357]},"properties":{"name":"番田","name_en":"Banda","routes":["相模線"]}},{"type":"Feature","geometry":{"type":"Point","coordinates":[139.3751369,35.5292374]},"properties":{"name":"原当麻","name_en":"Harataima","routes":["相模線"]}},{"type":"Feature","geometry":{"type":"Point","coordinates":[139.380493,35.5181443]},"properties":{"name":"下溝","name_en":"Shimomizo","routes":["相模線"]}},{"type":"Feature","geometry":{"type":"Point","coordinates":[139.3862193,35.4931826]},"properties":{"name":"相武台下","name_en":"Sobudaishita","routes":["相模線"]}},{"type":"Feature","geometry":{"type":"Point","coordinates":[139.3801795,35.4066798]},"properties":{"name":"門沢橋","name_en":"Kadosawabashi","routes":["相模線"]}},{"type":"Feature","geometry":{"type":"Point","coordinates":[139.3874365,35.3675758]},"properties":{"name":"寒川","name_en":"Samukawa","routes":["相模線"]}},{"type":"Feature","geometry":{"type":"Point","coordinates":[139.4074724,35.339455]},"properties":{"name":"北茅ケ崎","name_en":"Kita-Chigasaki","routes":["相模線"]}},{"type":"Feature","geometry":{"type":"Point","coordinates":[139.3797406,35.3822048]},"properties":{"name":"宮山","name_en":"Miyayama","routes":["相模線"]}},{"type":"Feature","geometry":{"type":"Point","coordinates":[139.3785759,35.3949502]},"properties":{"name":"倉見","name_en":"Kurami","routes":["相模線"]}},{"type":"Feature","geometry":{"type":"Point","coordinates":[139.377266,35.4204242]},"properties":{"name":"社家","name_en":"Shake","routes":["相模線"]}},{"type":"Feature","geometry":{"type":"Point","coordinates":[139.3997553,35.3565035]},"properties":{"name":"香川","name_en":"Kagawa","routes":["相模線"]}},{"type":"Feature","geometry":{"type":"Point","coordinates":[139.1385861,35.3463014]},"properties":{"name":"松田","name_en":"Matsuda","routes":["ふじさん"]}},{"type":"Feature","geometry":{"type":"Point","coordinates":[138.9986087,35.3589024]},"properties":{"name":"駿河小山","name_en":"Suruga-Oyama","routes":["ふじさん"]}},{"type":"Feature","geometry":{"type":"Point","coordinates":[138.9341375,35.2999865]},"properties":{"name":"御殿場","name_en":"Gotemba","routes":["ふじさん"]}},{"type":"Feature","geometry":{"type":"Point","coordinates":[139.4646185,35.6188401]},"properties":{"name":"はるひ野","name_en":"Haruhino","routes":["小田急電鉄多摩線"]}},{"type":"Feature","geometry":{"type":"Point","coordinates":[139.4707421,35.6132327]},"properties":{"name":"黒川","name_en":"Kurokawa","routes":["小田急電鉄多摩線"]}},{"type":"Feature","geometry":{"type":"Point","coordinates":[139.5455001,35.3137097]},"properties":{"name":"和田塚","name_en":"Wadazuka","routes":["江ノ島電鉄"]}},{"type":"Feature","geometry":{"type":"Point","coordinates":[139.5413644,35.312772]},"properties":{"name":"由比ヶ浜","name_en":"Yuigahama","routes":["江ノ島電鉄"]}},{"type":"Feature","geometry":{"type":"Point","coordinates":[139.5358669,35.3112923]},"properties":{"name":"長谷","name_en":"Hase","routes":["江ノ島電鉄"]}},{"type":"Feature","geometry":{"type":"Point","coordinates":[139.5286725,35.3092118]},"properties":{"name":"極楽寺","name_en":"Gokurakuji","routes":["江ノ島電鉄"]}},{"type":"Feature","geometry":{"type":"Point","coordinates":[139.5219,35.3043634]},"properties":{"name":"稲村ヶ崎","name_en":"Inamuragasaki","routes":["江ノ島電鉄"]}},{"type":"Feature","geometry":{"type":"Point","coordinates":[139.510117,35.3062815]},"properties":{"name":"七里ヶ浜","name_en":"Shichirigahama","routes":["江ノ島電鉄"]}},{"type":"Feature","geometry":{"type":"Point","coordinates":[139.5007098,35.3067209]},"properties":{"name":"鎌倉高校前","name_en":"Kamakurakokomae","routes":["江ノ島電鉄"]}},{"type":"Feature","geometry":{"type":"Point","coordinates":[139.4932077,35.3083817]},"properties":{"name":"腰越","name_en":"Koshigoe","routes":["江ノ島電鉄"]}},{"type":"Feature","geometry":{"type":"Point","coordinates":[139.4875422,35.3110438]},"properties":{"name":"江ノ島","name_en":"Enoshima","routes":["江ノ島電鉄"]}},{"type":"Feature","geometry":{"type":"Point","coordinates":[139.4836473,35.3149457]},"properties":{"name":"湘南海岸公園","name_en":"Shonankaigankoen","routes":["江ノ島電鉄"]}},{"type":"Feature","geometry":{"type":"Point","coordinates":[139.4826015,35.3214239]},"properties":{"name":"鵠沼","name_en":"Kugenuma","routes":["江ノ島電鉄"]}},{"type":"Feature","geometry":{"type":"Point","coordinates":[139.4851812,35.3276307]},"properties":{"name":"柳小路","name_en":"Yanagikoji","routes":["江ノ島電鉄"]}},{"type":"Feature","geometry":{"type":"Point","coordinates":[139.4855196,35.3321271]},"properties":{"name":"石上","name_en":"Ishigami","routes":["江ノ島電鉄"]}},{"type":"Feature","geometry":{"type":"Point","coordinates":[138.94429015,34.67949435]},"properties":{"name":"伊豆急下田","name_en":"Izukyushimoda","routes":["踊り子"]}},{"type":"Feature","geometry":{"type":"Point","coordinates":[138.9959745,34.747557349999994]},"properties":{"name":"河津","name_en":"Kawazu","routes":["踊り子"]}},{"type":"Feature","geometry":{"type":"Point","coordinates":[139.0371349,34.77452005]},"properties":{"name":"伊豆稲取","name_en":"Izuinatori","routes":["踊り子"]}},{"type":"Feature","geometry":{"type":"Point","coordinates":[139.06933875,34.81706415]},"properties":{"name":"伊豆熱川駅","name_en":"Izuatagawa","routes":["踊り子"]}},{"type":"Feature","geometry":{"type":"Point","coordinates":[139.1083781,34.8777826]},"properties":{"name":"伊豆高原","name_en":"Izukogen","routes":["踊り子"]}},{"type":"Feature","geometry":{"type":"Point","coordinates":[139.0922994,34.97557975]},"properties":{"name":"伊東","name_en":"Ito","routes":["踊り子"]}},{"type":"Feature","geometry":{"type":"Point","coordinates":[139.0797457,35.00590605]},"properties":{"name":"宇佐美","name_en":"Usami","routes":["踊り子"]}},{"type":"Feature","geometry":{"type":"Point","coordinates":[139.08119105,35.04371125]},"properties":{"name":"網代","name_en":"Ajiro","routes":["踊り子"]}},{"type":"Feature","geometry":{"type":"Point","coordinates":[139.06559185,35.098814149999995]},"properties":{"name":"来宮","name_en":"Kinomiya","routes":["踊り子"]}},{"type":"Feature","geometry":{"type":"Point","coordinates":[139.4640507,35.7113064]},"properties":{"name":"恋ヶ窪","name_en":"Koigakubo","routes":["西武国分寺線"]}},{"type":"Feature","geometry":{"type":"Point","coordinates":[139.4612022,35.7234533]},"properties":{"name":"鷹の台","name_en":"Takanodai","routes":["西武国分寺線"]}},{"type":"Feature","geometry":{"type":"Point","coordinates":[139.4801232,35.7217787]},"properties":{"name":"一橋学園","name_en":"Hitotsubashi-gakuen","routes":["西武多摩湖線"]}},{"type":"Feature","geometry":{"type":"Point","coordinates":[139.4765592,35.7306459]},"properties":{"name":"青梅街道","name_en":"Ome-kaido","routes":["西武多摩湖線"]}},{"type":"Feature","geometry":{"type":"Point","coordinates":[139.4674364,35.7451604]},"properties":{"name":"八坂","name_en":"Yasaka","routes":["西武多摩湖線"]}},{"type":"Feature","geometry":{"type":"Point","coordinates":[139.4442465,35.7562258]},"properties":{"name":"武蔵大和","name_en":"Musashi-Yamato","routes":["西武多摩湖線"]}},{"type":"Feature","geometry":{"type":"Point","coordinates":[139.6252491,35.4746815]},"properties":{"name":"反町","name_en":"Tammachi","routes":["東急東横線"]}},{"type":"Feature","geometry":{"type":"Point","coordinates":[139.6294747,35.4832475]},"properties":{"name":"東白楽","name_en":"Higashi-hakuraku","routes":["東急東横線"]}},{"type":"Feature","geometry":{"type":"Point","coordinates":[139.6279215,35.4896753]},"properties":{"name":"白楽","name_en":"Hakuraku","routes":["東急東横線"]}},{"type":"Feature","geometry":{"type":"Point","coordinates":[139.6332256,35.4985364]},"properties":{"name":"妙蓮寺","name_en":"Myorenji","routes":["東急東横線"]}},{"type":"Feature","geometry":{"type":"Point","coordinates":[139.6298585,35.52186]},"properties":{"name":"大倉山","name_en":"Okurayama","routes":["東急東横線"]}},{"type":"Feature","geometry":{"type":"Point","coordinates":[139.634683,35.5367416]},"properties":{"name":"綱島","name_en":"Tsunashima","routes":["東急東横線"]}},{"type":"Feature","geometry":{"type":"Point","coordinates":[139.676184,35.6175433]},"properties":{"name":"都立大学","name_en":"Toritsu-daigaku","routes":["東急東横線"]}},{"type":"Feature","geometry":{"type":"Point","coordinates":[139.6853465,35.6289468]},"properties":{"name":"学芸大学","name_en":"Gakugei-daigaku","routes":["東急東横線"]}},{"type":"Feature","geometry":{"type":"Point","coordinates":[139.6910072,35.6375747]},"properties":{"name":"祐天寺","name_en":"Yutenji","routes":["東急東横線"]}},{"type":"Feature","geometry":{"type":"Point","coordinates":[139.703293,35.648157]},"properties":{"name":"代官山","name_en":"Daikan-yama","routes":["東急東横線"]}},{"type":"Feature","geometry":{"type":"Point","coordinates":[140.130111,39.7168626]},"properties":{"name":"秋田","name_en":"Akita","routes":["こまち"]}},{"type":"Feature","geometry":{"type":"Point","coordinates":[140.479891,39.4656823]},"properties":{"name":"大曲","name_en":"Omagari","routes":["こまち"]}},{"type":"Feature","geometry":{"type":"Point","coordinates":[140.57123235,39.591720550000005]},"properties":{"name":"角館","name_en":"Kakunodate","routes":["こまち"]}},{"type":"Feature","geometry":{"type":"Point","coordinates":[140.7223789,39.7002861]},"properties":{"name":"田沢湖","name_en":"Tazawako","routes":["こまち"]}},{"type":"Feature","geometry":{"type":"Point","coordinates":[140.9744464,39.6892709]},"properties":{"name":"雫石","name_en":"Shizukuishi","routes":["こまち"]}},{"type":"Feature","geometry":{"type":"Point","coordinates":[139.0614118,37.9120337]},"properties":{"name":"新潟","name_en":"Niigata","routes":["とき"]}},{"type":"Feature","geometry":{"type":"Point","coordinates":[138.9390459,37.6483789]},"properties":{"name":"燕三条","name_en":"Tsubamesanjō","routes":["とき"]}},{"type":"Feature","geometry":{"type":"Point","coordinates":[138.85398114999998,37.447828650000005]},"properties":{"name":"長岡","name_en":"Nagaoka","routes":["とき"]}},{"type":"Feature","geometry":{"type":"Point","coordinates":[138.922674,37.1673781]},"properties":{"name":"浦佐","name_en":"Urasa","routes":["とき"]}},{"type":"Feature","geometry":{"type":"Point","coordinates":[139.5999123,36.014103899999995]},"properties":{"name":"内宿","name_en":"Uchijuku","routes":["埼玉新都市交通伊奈線"]}},{"type":"Feature","geometry":{"type":"Point","coordinates":[139.60842445,36.0074544]},"properties":{"name":"羽貫","name_en":"Hanuki","routes":["埼玉新都市交通伊奈線"]}},{"type":"Feature","geometry":{"type":"Point","coordinates":[139.61734035,35.99928115]},"properties":{"name":"伊奈中央","name_en":"","routes":["埼玉新都市交通伊奈線"]}},{"type":"Feature","geometry":{"type":"Point","coordinates":[139.622143,35.99140195]},"properties":{"name":"志久","name_en":"","routes":["埼玉新都市交通伊奈線"]}},{"type":"Feature","geometry":{"type":"Point","coordinates":[139.62473004999998,35.9797632]},"properties":{"name":"丸山","name_en":"Maruyama","routes":["埼玉新都市交通伊奈線"]}},{"type":"Feature","geometry":{"type":"Point","coordinates":[139.62369005,35.971068349999996]},"properties":{"name":"沼南","name_en":"Shonan","routes":["埼玉新都市交通伊奈線"]}},{"type":"Feature","geometry":{"type":"Point","coordinates":[139.6223123,35.96390385]},"properties":{"name":"原市","name_en":"Haraichi","routes":["埼玉新都市交通伊奈線"]}},{"type":"Feature","geometry":{"type":"Point","coordinates":[139.620959,35.95720925]},"properties":{"name":"吉野原","name_en":"Yoshinohara","routes":["埼玉新都市交通伊奈線"]}},{"type":"Feature","geometry":{"type":"Point","coordinates":[139.61960975,35.950051450000004]},"properties":{"name":"今羽","name_en":"Komba","routes":["埼玉新都市交通伊奈線"]}},{"type":"Feature","geometry":{"type":"Point","coordinates":[139.6182367,35.9426459]},"properties":{"name":"東宮原","name_en":"Higashi-Miyahara","routes":["埼玉新都市交通伊奈線"]}},{"type":"Feature","geometry":{"type":"Point","coordinates":[139.6168343,35.9357299]},"properties":{"name":"加茂宮","name_en":"Kamonomiya","routes":["埼玉新都市交通伊奈線"]}},{"type":"Feature","geometry":{"type":"Point","coordinates":[139.6176711,35.9205193]},"properties":{"name":"鉄道博物館","name_en":"Tetsudo Hakubutsukan","routes":["埼玉新都市交通伊奈線"]}},{"type":"Feature","geometry":{"type":"Point","coordinates":[140.0589506,35.9090894]},"properties":{"name":"西取手","name_en":"Nishi-Toride","routes":["関東鉄道常総線"]}},{"type":"Feature","geometry":{"type":"Point","coordinates":[140.0545417,35.9119595]},"properties":{"name":"寺原","name_en":"Terahara","routes":["関東鉄道常総線"]}},{"type":"Feature","geometry":{"type":"Point","coordinates":[140.0428185,35.9174631]},"properties":{"name":"新取手","name_en":"Shin-Toride","routes":["関東鉄道常総線"]}},{"type":"Feature","geometry":{"type":"Point","coordinates":[140.0352172,35.9210552]},"properties":{"name":"ゆめみ野","name_en":"Yumemino","routes":["関東鉄道常総線"]}},{"type":"Feature","geometry":{"type":"Point","coordinates":[140.0224565,35.9263843]},"properties":{"name":"稲戸井","name_en":"Inatoi","routes":["関東鉄道常総線"]}},{"type":"Feature","geometry":{"type":"Point","coordinates":[140.014095,35.9293333]},"properties":{"name":"戸頭","name_en":"Togashira","routes":["関東鉄道常総線"]}},{"type":"Feature","geometry":{"type":"Point","coordinates":[140.0024794,35.9342845]},"properties":{"name":"南守谷","name_en":"Minami-Moriya","routes":["関東鉄道常総線"]}},{"type":"Feature","geometry":{"type":"Point","coordinates":[139.98571825,35.9665266]},"properties":{"name":"新守谷","name_en":"Shin-Moriya","routes":["関東鉄道常総線"]}},{"type":"Feature","geometry":{"type":"Point","coordinates":[139.9833968,35.98087615]},"properties":{"name":"小絹","name_en":"Kokinu","routes":["関東鉄道常総線"]}},{"type":"Feature","geometry":{"type":"Point","coordinates":[139.99171804999997,36.01799375]},"properties":{"name":"水海道","name_en":"Mitsukaido","routes":["関東鉄道常総線"]}},{"type":"Feature","geometry":{"type":"Point","coordinates":[139.9928951,36.0320931]},"properties":{"name":"北水海道","name_en":"Kita-Mitsukaido","routes":["関東鉄道常総線"]}},{"type":"Feature","geometry":{"type":"Point","coordinates":[139.99069780000002,36.0472112]},"properties":{"name":"中妻","name_en":"Nakatsuma","routes":["関東鉄道常総線"]}},{"type":"Feature","geometry":{"type":"Point","coordinates":[139.98302869999998,36.073567800000006]},"properties":{"name":"三妻","name_en":"Mitsuma","routes":["関東鉄道常総線"]}},{"type":"Feature","geometry":{"type":"Point","coordinates":[139.9739031,36.1023832]},"properties":{"name":"南石下","name_en":"Minami-Ishige","routes":["関東鉄道常総線"]}},{"type":"Feature","geometry":{"type":"Point","coordinates":[139.97425835,36.1172039]},"properties":{"name":"石下","name_en":"Ishige","routes":["関東鉄道常総線"]}},{"type":"Feature","geometry":{"type":"Point","coordinates":[139.9698987,36.1356516]},"properties":{"name":"玉村","name_en":"Tamamura","routes":["関東鉄道常総線"]}},{"type":"Feature","geometry":{"type":"Point","coordinates":[139.9705265,36.15406575]},"properties":{"name":"宗道","name_en":"Sodo","routes":["関東鉄道常総線"]}},{"type":"Feature","geometry":{"type":"Point","coordinates":[139.96456335,36.18202305]},"properties":{"name":"下妻","name_en":"Shimotsuma","routes":["関東鉄道常総線"]}},{"type":"Feature","geometry":{"type":"Point","coordinates":[139.97021354999998,36.2031255]},"properties":{"name":"大宝","name_en":"Daiho","routes":["関東鉄道常総線"]}},{"type":"Feature","geometry":{"type":"Point","coordinates":[139.9763123,36.2232351]},"properties":{"name":"騰波ノ江","name_en":"Tobanoe","routes":["関東鉄道常総線"]}},{"type":"Feature","geometry":{"type":"Point","coordinates":[139.97499335,36.24728145]},"properties":{"name":"黒子","name_en":"Kurogo","routes":["関東鉄道常総線"]}},{"type":"Feature","geometry":{"type":"Point","coordinates":[139.9597588,36.2782414]},"properties":{"name":"大田郷","name_en":"Otago","routes":["関東鉄道常総線"]}},{"type":"Feature","geometry":{"type":"Point","coordinates":[139.97781045,36.30388905]},"properties":{"name":"下館","name_en":"Shimodate","routes":["関東鉄道常総線"]}},{"type":"Feature","geometry":{"type":"Point","coordinates":[140.1785002,35.5628336]},"properties":{"name":"鎌取","name_en":"Kamatori","routes":["JR外房線"]}},{"type":"Feature","geometry":{"type":"Point","coordinates":[140.2143529,35.54685775]},"properties":{"name":"誉田","name_en":"Honda","routes":["JR外房線"]}},{"type":"Feature","geometry":{"type":"Point","coordinates":[140.26959295,35.530937050000006]},"properties":{"name":"土気","name_en":"Toke","routes":["JR外房線"]}},{"type":"Feature","geometry":{"type":"Point","coordinates":[140.31082185,35.52270835]},"properties":{"name":"大網","name_en":"Oami","routes":["JR外房線"]}},{"type":"Feature","geometry":{"type":"Point","coordinates":[140.3112717,35.503398950000005]},"properties":{"name":"永田","name_en":"Nagata","routes":["JR外房線"]}},{"type":"Feature","geometry":{"type":"Point","coordinates":[140.30758765000002,35.48210305]},"properties":{"name":"本納","name_en":"Honno","routes":["JR外房線"]}},{"type":"Feature","geometry":{"type":"Point","coordinates":[140.29979045,35.449490749999995]},"properties":{"name":"新茂原","name_en":"Shin-Mobara","routes":["JR外房線"]}},{"type":"Feature","geometry":{"type":"Point","coordinates":[140.30386285,35.426922399999995]},"properties":{"name":"茂原","name_en":"Mobara","routes":["JR外房線"]}},{"type":"Feature","geometry":{"type":"Point","coordinates":[140.34550380000002,35.40389825]},"properties":{"name":"八積","name_en":"Yatsumi","routes":["JR外房線"]}},{"type":"Feature","geometry":{"type":"Point","coordinates":[140.365221525,35.373673225000005]},"properties":{"name":"上総一ノ宮","name_en":"Kazusa-Ichinomiya","routes":["JR外房線"]}},{"type":"Feature","geometry":{"type":"Point","coordinates":[140.37663435000002,35.3468343]},"properties":{"name":"東浪見","name_en":"Torami","routes":["JR外房線"]}},{"type":"Feature","geometry":{"type":"Point","coordinates":[140.38124395,35.31996305]},"properties":{"name":"太東","name_en":"Taito","routes":["JR外房線"]}},{"type":"Feature","geometry":{"type":"Point","coordinates":[140.3849202,35.295853199999996]},"properties":{"name":"長者町","name_en":"Chojamachi","routes":["JR外房線"]}},{"type":"Feature","geometry":{"type":"Point","coordinates":[140.391146,35.2833159]},"properties":{"name":"三門","name_en":"Mikado","routes":["JR外房線"]}},{"type":"Feature","geometry":{"type":"Point","coordinates":[140.39098869999998,35.2508992]},"properties":{"name":"大原","name_en":"Ohara","routes":["JR外房線"]}},{"type":"Feature","geometry":{"type":"Point","coordinates":[140.3792918,35.2227914]},"properties":{"name":"浪花","name_en":"Namihana","routes":["JR外房線"]}},{"type":"Feature","geometry":{"type":"Point","coordinates":[140.35149115000002,35.18771565]},"properties":{"name":"御宿","name_en":"Onjuku","routes":["JR外房線"]}},{"type":"Feature","geometry":{"type":"Point","coordinates":[140.31284970000002,35.1531359]},"properties":{"name":"勝浦","name_en":"Katsuura","routes":["JR外房線"]}},{"type":"Feature","geometry":{"type":"Point","coordinates":[140.2788506,35.14123015]},"properties":{"name":"鵜原","name_en":"Ubara","routes":["JR外房線"]}},{"type":"Feature","geometry":{"type":"Point","coordinates":[140.2508512,35.1373054]},"properties":{"name":"上総興津","name_en":"Kazusa-Okitsu","routes":["JR外房線"]}},{"type":"Feature","geometry":{"type":"Point","coordinates":[140.2259327,35.1183072]},"properties":{"name":"行川アイランド","name_en":"Namegawa Island","routes":["JR外房線"]}},{"type":"Feature","geometry":{"type":"Point","coordinates":[140.1901411,35.12865535]},"properties":{"name":"安房小湊","name_en":"Awa-Kominato","routes":["JR外房線"]}},{"type":"Feature","geometry":{"type":"Point","coordinates":[140.15441985,35.12556645]},"properties":{"name":"安房天津","name_en":"Awa-Amatsu","routes":["JR外房線"]}},{"type":"Feature","geometry":{"type":"Point","coordinates":[140.1283822,37.909376300000005]},"properties":{"name":"米沢","name_en":"Yonezawa","routes":["つばさ"]}},{"type":"Feature","geometry":{"type":"Point","coordinates":[140.15289389999998,37.992354899999995]},"properties":{"name":"高畠","name_en":"Takahata","routes":["つばさ"]}},{"type":"Feature","geometry":{"type":"Point","coordinates":[140.14900645,38.0474058]},"properties":{"name":"赤湯","name_en":"Akayu","routes":["つばさ"]}},{"type":"Feature","geometry":{"type":"Point","coordinates":[140.2786977,38.1522025]},"properties":{"name":"かみのやま温泉","name_en":"Kaminoyama-Onsen","routes":["つばさ"]}},{"type":"Feature","geometry":{"type":"Point","coordinates":[140.32758669999998,38.2483879]},"properties":{"name":"山形","name_en":"Yamagata","routes":["つばさ"]}},{"type":"Feature","geometry":{"type":"Point","coordinates":[140.3694705,38.35999645]},"properties":{"name":"天童","name_en":"Tendo","routes":["つばさ"]}},{"type":"Feature","geometry":{"type":"Point","coordinates":[140.38083045000002,38.4284921]},"properties":{"name":"さくらんぼ東根","name_en":"Sakurambo-Higashine","routes":["つばさ"]}},{"type":"Feature","geometry":{"type":"Point","coordinates":[140.38638615,38.4769784]},"properties":{"name":"村山","name_en":"Murayama","routes":["つばさ"]}},{"type":"Feature","geometry":{"type":"Point","coordinates":[140.37550105,38.595744249999996]},"properties":{"name":"大石田","name_en":"Oishida","routes":["つばさ"]}},{"type":"Feature","geometry":{"type":"Point","coordinates":[140.3060759,38.7620925]},"properties":{"name":"新庄","name_en":"","routes":["つばさ"]}},{"type":"Feature","geometry":{"type":"Point","coordinates":[139.9665697,35.7308739]},"properties":{"name":"船橋法典","name_en":"Funabashi-Hoten","routes":["JR武蔵野線"]}},{"type":"Feature","geometry":{"type":"Point","coordinates":[139.9512707,35.7553848]},"properties":{"name":"市川大野","name_en":"Ichikawa-Ono","routes":["JR武蔵野線"]}},{"type":"Feature","geometry":{"type":"Point","coordinates":[139.9383839,35.7919514]},"properties":{"name":"新八柱","name_en":"Shin-Yahashira","routes":["JR武蔵野線"]}},{"type":"Feature","geometry":{"type":"Point","coordinates":[139.8857791,35.8450367]},"properties":{"name":"三郷","name_en":"Misato","routes":["JR武蔵野線"]}},{"type":"Feature","geometry":{"type":"Point","coordinates":[139.8692259,35.8588005]},"properties":{"name":"新三郷","name_en":"Shim-Misato","routes":["JR武蔵野線"]}},{"type":"Feature","geometry":{"type":"Point","coordinates":[139.8580813,35.868067]},"properties":{"name":"吉川美南","name_en":"Yoshikawa-Minami","routes":["JR武蔵野線"]}},{"type":"Feature","geometry":{"type":"Point","coordinates":[139.8435049,35.8765782]},"properties":{"name":"吉川","name_en":"Yoshikawa","routes":["JR武蔵野線"]}},{"type":"Feature","geometry":{"type":"Point","coordinates":[139.822401,35.8762173]},"properties":{"name":"越谷レイクタウン","name_en":"Koshigaya-Laketown","routes":["JR武蔵野線"]}},{"type":"Feature","geometry":{"type":"Point","coordinates":[139.7910584,35.8760526]},"properties":{"name":"南越谷","name_en":"Minami-Koshigaya","routes":["JR武蔵野線"]}},{"type":"Feature","geometry":{"type":"Point","coordinates":[139.7045073,35.8640813]},"properties":{"name":"東浦和","name_en":"Higashi-Urawa","routes":["JR武蔵野線"]}},{"type":"Feature","geometry":{"type":"Point","coordinates":[139.6279204,35.8442062]},"properties":{"name":"西浦和","name_en":"Nishi-Urawa","routes":["JR武蔵野線"]}},{"type":"Feature","geometry":{"type":"Point","coordinates":[139.5869967,35.8153174]},"properties":{"name":"北朝霞","name_en":"Kita-Asaka","routes":["JR武蔵野線"]}},{"type":"Feature","geometry":{"type":"Point","coordinates":[139.5562,35.8037343]},"properties":{"name":"新座","name_en":"Niiza","routes":["JR武蔵野線"]}},{"type":"Feature","geometry":{"type":"Point","coordinates":[139.5137584,35.7945963]},"properties":{"name":"東所沢","name_en":"Higashi-Tokorozawa","routes":["JR武蔵野線"]}},{"type":"Feature","geometry":{"type":"Point","coordinates":[139.4933864,35.7778733]},"properties":{"name":"新秋津","name_en":"Shin-Akitsu","routes":["JR武蔵野線"]}},{"type":"Feature","geometry":{"type":"Point","coordinates":[139.4705491,35.7308413]},"properties":{"name":"新小平","name_en":"Shin-Kodaira","routes":["JR武蔵野線"]}},{"type":"Feature","geometry":{"type":"Point","coordinates":[139.4717547,35.6807665]},"properties":{"name":"北府中","name_en":"Kita-Fuchu","routes":["JR武蔵野線"]}},{"type":"Feature","geometry":{"type":"Point","coordinates":[139.5240561,35.7015414]},"properties":{"name":"東小金井","name_en":"Higashi-Koganei","routes":["JR中央線"]}},{"type":"Feature","geometry":{"type":"Point","coordinates":[139.5067873,35.7011261]},"properties":{"name":"武蔵小金井","name_en":"Musashi-Koganei","routes":["JR中央線"]}},{"type":"Feature","geometry":{"type":"Point","coordinates":[139.4465312,35.6992413]},"properties":{"name":"国立","name_en":"Kunitachi","routes":["JR中央線"]}},{"type":"Feature","geometry":{"type":"Point","coordinates":[139.3938458,35.679389]},"properties":{"name":"日野","name_en":"Hino","routes":["JR中央線"]}},{"type":"Feature","geometry":{"type":"Point","coordinates":[139.3814849,35.6595146]},"properties":{"name":"豊田","name_en":"Toyoda","routes":["JR中央線"]}},{"type":"Feature","geometry":{"type":"Point","coordinates":[139.3124161,35.6565227]},"properties":{"name":"西八王子","name_en":"Nishi-Hachioji","routes":["JR中央線"]}},{"type":"Feature","geometry":{"type":"Point","coordinates":[139.526377,35.452353]},"properties":{"name":"南万騎が原","name_en":"Minami-Makigahara","routes":["相模鉄道いずみ野線"]}},{"type":"Feature","geometry":{"type":"Point","coordinates":[139.5218816,35.4394435]},"properties":{"name":"緑園都市","name_en":"Ryokuen-toshi","routes":["相模鉄道いずみ野線"]}},{"type":"Feature","geometry":{"type":"Point","coordinates":[139.5063488,35.4298971]},"properties":{"name":"弥生台","name_en":"Yayoidai","routes":["相模鉄道いずみ野線"]}},{"type":"Feature","geometry":{"type":"Point","coordinates":[139.4949527,35.429465]},"properties":{"name":"いずみ野","name_en":"Izumino","routes":["相模鉄道いずみ野線"]}},{"type":"Feature","geometry":{"type":"Point","coordinates":[139.4872659,35.4151156]},"properties":{"name":"いずみ中央","name_en":"Izumi-Chuo","routes":["相模鉄道いずみ野線"]}},{"type":"Feature","geometry":{"type":"Point","coordinates":[139.4824589,35.4057234]},"properties":{"name":"ゆめが丘","name_en":"Yumegaoka","routes":["相模鉄道いずみ野線"]}},{"type":"Feature","geometry":{"type":"Point","coordinates":[139.7024266,35.6702145]},"properties":{"name":"原宿","name_en":"Harajuku","routes":["JR山手線"]}},{"type":"Feature","geometry":{"type":"Point","coordinates":[139.7002421,35.7013007]},"properties":{"name":"新大久保","name_en":"Shin-Ōkubo","routes":["JR山手線"]}},{"type":"Feature","geometry":{"type":"Point","coordinates":[139.7064645,35.7211919]},"properties":{"name":"目白","name_en":"Mejiro","routes":["JR山手線"]}},{"type":"Feature","geometry":{"type":"Point","coordinates":[139.7285879,35.7316851]},"properties":{"name":"大塚","name_en":"Otsuka","routes":["JR山手線"]}},{"type":"Feature","geometry":{"type":"Point","coordinates":[139.9016914,35.8558741]},"properties":{"name":"流山","name_en":"Nagareyama","routes":["総武流山電鉄"]}},{"type":"Feature","geometry":{"type":"Point","coordinates":[139.910894,35.84101]},"properties":{"name":"鰭ヶ崎","name_en":"Hiregasaki","routes":["総武流山電鉄"]}},{"type":"Feature","geometry":{"type":"Point","coordinates":[139.9173419,35.8357466]},"properties":{"name":"小金城趾","name_en":"Koganejoshi","routes":["総武流山電鉄"]}},{"type":"Feature","geometry":{"type":"Point","coordinates":[139.9198204,35.8265973]},"properties":{"name":"幸谷","name_en":"Koya","routes":["総武流山電鉄"]}},{"type":"Feature","geometry":{"type":"Point","coordinates":[139.3354073,35.7284457]},"properties":{"name":"熊川","name_en":"Kumagawa","routes":["JR五日市線"]}},{"type":"Feature","geometry":{"type":"Point","coordinates":[139.3109959,35.7259384]},"properties":{"name":"東秋留","name_en":"Higashi-Akiru","routes":["JR五日市線"]}},{"type":"Feature","geometry":{"type":"Point","coordinates":[139.2866763,35.728075]},"properties":{"name":"秋川","name_en":"Akigawa","routes":["JR五日市線"]}},{"type":"Feature","geometry":{"type":"Point","coordinates":[139.2701831,35.7297501]},"properties":{"name":"武蔵引田","name_en":"Musashi-Hikida","routes":["JR五日市線"]}},{"type":"Feature","geometry":{"type":"Point","coordinates":[139.256252,35.7310041]},"properties":{"name":"武蔵増戸","name_en":"Musashi-Masuko","routes":["JR五日市線"]}},{"type":"Feature","geometry":{"type":"Point","coordinates":[139.2281606,35.7323496]},"properties":{"name":"武蔵五日市","name_en":"Musashi-Itsukaichi","routes":["JR五日市線"]}},{"type":"Feature","geometry":{"type":"Point","coordinates":[139.7150648,35.251518450000006]},"properties":{"name":"浦賀","name_en":"Uraga","routes":["京浜電鉄本線"]}},{"type":"Feature","geometry":{"type":"Point","coordinates":[139.70763795,35.2595922]},"properties":{"name":"馬堀海岸","name_en":"Maborikaigan","routes":["京浜電鉄本線"]}},{"type":"Feature","geometry":{"type":"Point","coordinates":[139.69582300000002,35.26085555]},"properties":{"name":"京急大津","name_en":"Keikyu Otsu","routes":["京浜電鉄本線"]}},{"type":"Feature","geometry":{"type":"Point","coordinates":[139.68682435,35.26328925]},"properties":{"name":"堀ノ内","name_en":"Horinouchi","routes":["京浜電鉄本線"]}},{"type":"Feature","geometry":{"type":"Point","coordinates":[139.676715,35.27000515]},"properties":{"name":"県立大学","name_en":"Kenritsudaigaku","routes":["京浜電鉄本線"]}},{"type":"Feature","geometry":{"type":"Point","coordinates":[139.67038605,35.2785238]},"properties":{"name":"横須賀中央","name_en":"Yokosuka-chuo","routes":["京浜電鉄本線"]}},{"type":"Feature","geometry":{"type":"Point","coordinates":[139.6621579,35.2802873]},"properties":{"name":"汐入","name_en":"Shioiri","routes":["京浜電鉄本線"]}},{"type":"Feature","geometry":{"type":"Point","coordinates":[139.65282100000002,35.2805463]},"properties":{"name":"逸見","name_en":"Hemi","routes":["京浜電鉄本線"]}},{"type":"Feature","geometry":{"type":"Point","coordinates":[139.64308935000003,35.2866408]},"properties":{"name":"安針塚","name_en":"Anjinzuka","routes":["京浜電鉄本線"]}},{"type":"Feature","geometry":{"type":"Point","coordinates":[139.6255173,35.3008945]},"properties":{"name":"京急田浦","name_en":"Keikyu-Taura","routes":["京浜電鉄本線"]}},{"type":"Feature","geometry":{"type":"Point","coordinates":[139.6248191,35.315811]},"properties":{"name":"追浜","name_en":"Oppama","routes":["京浜電鉄本線"]}},{"type":"Feature","geometry":{"type":"Point","coordinates":[139.6297275,35.367138]},"properties":{"name":"京急富岡","name_en":"Keikyu Tomioka","routes":["京浜電鉄本線"]}},{"type":"Feature","geometry":{"type":"Point","coordinates":[139.6103847,35.3942114]},"properties":{"name":"屏風浦","name_en":"Byobugaura","routes":["京浜電鉄本線"]}},{"type":"Feature","geometry":{"type":"Point","coordinates":[139.6131635,35.4368194]},"properties":{"name":"南太田","name_en":"Minamiota","routes":["京浜電鉄本線"]}},{"type":"Feature","geometry":{"type":"Point","coordinates":[139.623152,35.4399236]},"properties":{"name":"黄金町","name_en":"Koganecho","routes":["京浜電鉄本線"]}},{"type":"Feature","geometry":{"type":"Point","coordinates":[139.6195351,35.4567461]},"properties":{"name":"戸部","name_en":"Tobe","routes":["京浜電鉄本線"]}},{"type":"Feature","geometry":{"type":"Point","coordinates":[139.6275201,35.4715259]},"properties":{"name":"神奈川","name_en":"Kanagawa","routes":["京浜電鉄本線"]}},{"type":"Feature","geometry":{"type":"Point","coordinates":[139.6451231,35.4846434]},"properties":{"name":"子安","name_en":"Koyasu","routes":["京浜電鉄本線"]}},{"type":"Feature","geometry":{"type":"Point","coordinates":[139.6554751,35.4870984]},"properties":{"name":"京急新子安","name_en":"Keikyu Shinkoyasu","routes":["京浜電鉄本線"]}},{"type":"Feature","geometry":{"type":"Point","coordinates":[139.6669214,35.4952868]},"properties":{"name":"生麦","name_en":"Namamugi","routes":["京浜電鉄本線"]}},{"type":"Feature","geometry":{"type":"Point","coordinates":[139.6729989,35.5004391]},"properties":{"name":"花月総持寺","name_en":"Kagetsu-Sojiji","routes":["京浜電鉄本線"]}},{"type":"Feature","geometry":{"type":"Point","coordinates":[139.6866962,35.5178357]},"properties":{"name":"鶴見市場","name_en":"Tsurumi-ichiba","routes":["京浜電鉄本線"]}},{"type":"Feature","geometry":{"type":"Point","coordinates":[139.7076671,35.5406578]},"properties":{"name":"六郷土手","name_en":"Rokugodote","routes":["京浜電鉄本線"]}},{"type":"Feature","geometry":{"type":"Point","coordinates":[139.7149801,35.5496951]},"properties":{"name":"雑色","name_en":"Zoshiki","routes":["京浜電鉄本線"]}},{"type":"Feature","geometry":{"type":"Point","coordinates":[139.728368,35.5669662]},"properties":{"name":"梅屋敷","name_en":"Umeyashiki","routes":["京浜電鉄本線"]}},{"type":"Feature","geometry":{"type":"Point","coordinates":[139.7320685,35.5725032]},"properties":{"name":"大森町","name_en":"Omorimachi","routes":["京浜電鉄本線"]}},{"type":"Feature","geometry":{"type":"Point","coordinates":[139.7353937,35.5876986]},"properties":{"name":"大森海岸","name_en":"Ōmorikaigan","routes":["京浜電鉄本線"]}},{"type":"Feature","geometry":{"type":"Point","coordinates":[139.7422644,35.6050235]},"properties":{"name":"鮫洲","name_en":"Samezu","routes":["京浜電鉄本線"]}},{"type":"Feature","geometry":{"type":"Point","coordinates":[139.7414646,35.6165106]},"properties":{"name":"新馬場","name_en":"Shimbamba","routes":["京浜電鉄本線"]}},{"type":"Feature","geometry":{"type":"Point","coordinates":[139.7392733,35.6220705]},"properties":{"name":"北品川","name_en":"Kitashinagawa","routes":["京浜電鉄本線"]}},{"type":"Feature","geometry":{"type":"Point","coordinates":[139.9483041,35.3915242]},"properties":{"name":"祇園","name_en":"Gion","routes":["久留里線"]}},{"type":"Feature","geometry":{"type":"Point","coordinates":[140.0612845,35.3146893]},"properties":{"name":"俵田","name_en":"Tawarada","routes":["久留里線"]}},{"type":"Feature","geometry":{"type":"Point","coordinates":[140.0648279,35.2744033]},"properties":{"name":"平山","name_en":"","routes":["久留里線"]}},{"type":"Feature","geometry":{"type":"Point","coordinates":[140.064132,35.2578094]},"properties":{"name":"上総松丘","name_en":"","routes":["久留里線"]}},{"type":"Feature","geometry":{"type":"Point","coordinates":[140.089695,35.2330068]},"properties":{"name":"上総亀山","name_en":"","routes":["久留里線"]}},{"type":"Feature","geometry":{"type":"Point","coordinates":[139.9655402,35.3909493]},"properties":{"name":"上総清川","name_en":"Kazusa-Kiyokawa","routes":["久留里線"]}},{"type":"Feature","geometry":{"type":"Point","coordinates":[139.985803,35.3900156]},"properties":{"name":"東清川","name_en":"Higashi-Kiyokawa","routes":["久留里線"]}},{"type":"Feature","geometry":{"type":"Point","coordinates":[140.0203412,35.3861086]},"properties":{"name":"横田","name_en":"Yokota","routes":["久留里線"]}},{"type":"Feature","geometry":{"type":"Point","coordinates":[140.0586872,35.3666754]},"properties":{"name":"馬来田","name_en":"Makuta","routes":["久留里線"]}},{"type":"Feature","geometry":{"type":"Point","coordinates":[140.0554424,35.3553448]},"properties":{"name":"下郡","name_en":"Shimogori","routes":["久留里線"]}},{"type":"Feature","geometry":{"type":"Point","coordinates":[140.0599164,35.3284083]},"properties":{"name":"小櫃","name_en":"Obitsu","routes":["久留里線"]}},{"type":"Feature","geometry":{"type":"Point","coordinates":[140.0756404,35.2958196]},"properties":{"name":"久留里","name_en":"","routes":["久留里線"]}},{"type":"Feature","geometry":{"type":"Point","coordinates":[140.036446,35.3862677]},"properties":{"name":"東横田","name_en":"Higashi-Yokota","routes":["久留里線"]}},{"type":"Feature","geometry":{"type":"Point","coordinates":[140.1111934,36.082648750000004]},"properties":{"name":"つくば","name_en":"Tsukuba","routes":["つくばエクスプレス線"]}},{"type":"Feature","geometry":{"type":"Point","coordinates":[140.0823898,36.08213565]},"properties":{"name":"研究学園","name_en":"Kenkyū-gakuen","routes":["つくばエクスプレス線"]}},{"type":"Feature","geometry":{"type":"Point","coordinates":[140.05942145,36.058321449999994]},"properties":{"name":"万博記念公園","name_en":"Bampaku-kinenkoen","routes":["つくばエクスプレス線"]}},{"type":"Feature","geometry":{"type":"Point","coordinates":[140.0562126,36.02988005]},"properties":{"name":"みどりの","name_en":"Midorino","routes":["つくばエクスプレス線"]}},{"type":"Feature","geometry":{"type":"Point","coordinates":[140.038226,35.9943898]},"properties":{"name":"みらい平","name_en":"Miraidaira","routes":["つくばエクスプレス線"]}},{"type":"Feature","geometry":{"type":"Point","coordinates":[139.9575718,35.9110036]},"properties":{"name":"柏たなか","name_en":"Kashiwa-Tanaka","routes":["つくばエクスプレス線"]}},{"type":"Feature","geometry":{"type":"Point","coordinates":[139.9525326,35.8934481]},"properties":{"name":"柏の葉キャンパス","name_en":"Kashiwanoha-campus","routes":["つくばエクスプレス線"]}},{"type":"Feature","geometry":{"type":"Point","coordinates":[139.9152399,35.854607]},"properties":{"name":"流山セントラルパーク","name_en":"Nagareyama-centralpark","routes":["つくばエクスプレス線"]}},{"type":"Feature","geometry":{"type":"Point","coordinates":[139.8784111,35.8245541]},"properties":{"name":"三郷中央","name_en":"Misato-chuo","routes":["つくばエクスプレス線"]}},{"type":"Feature","geometry":{"type":"Point","coordinates":[139.8448654,35.8078279]},"properties":{"name":"八潮","name_en":"Yashio","routes":["つくばエクスプレス線"]}},{"type":"Feature","geometry":{"type":"Point","coordinates":[139.8218681,35.7848565]},"properties":{"name":"六町","name_en":"Rokucho","routes":["つくばエクスプレス線"]}},{"type":"Feature","geometry":{"type":"Point","coordinates":[139.8203104,35.7717439]},"properties":{"name":"青井","name_en":"Aoi","routes":["つくばエクスプレス線"]}},{"type":"Feature","geometry":{"type":"Point","coordinates":[139.832145,35.7768999]},"properties":{"name":"北綾瀬","name_en":"Kita-ayase","routes":["東京メトロ千代田線"]}},{"type":"Feature","geometry":{"type":"Point","coordinates":[139.7479108,35.5347674]},"properties":{"name":"小島新田","name_en":"Kojimashinden","routes":["京浜電鉄大師線"]}},{"type":"Feature","geometry":{"type":"Point","coordinates":[139.7405764,35.5366217]},"properties":{"name":"大師橋","name_en":"Daishibashi","routes":["京浜電鉄大師線"]}},{"type":"Feature","geometry":{"type":"Point","coordinates":[139.7343911,35.5365833]},"properties":{"name":"東門前","name_en":"Higashimonzen","routes":["京浜電鉄大師線"]}},{"type":"Feature","geometry":{"type":"Point","coordinates":[139.7260897,35.5357943]},"properties":{"name":"川崎大師","name_en":"Kawasakidaishi","routes":["京浜電鉄大師線"]}},{"type":"Feature","geometry":{"type":"Point","coordinates":[139.7206509,35.5354136]},"properties":{"name":"鈴木町","name_en":"Suzukicho","routes":["京浜電鉄大師線"]}},{"type":"Feature","geometry":{"type":"Point","coordinates":[139.7124679,35.5350326]},"properties":{"name":"港町","name_en":"Minatocho","routes":["京浜電鉄大師線"]}},{"type":"Feature","geometry":{"type":"Point","coordinates":[139.761907,35.6539736]},"properties":{"name":"竹芝","name_en":"Takeshiba","routes":["ゆりかもめ"]}},{"type":"Feature","geometry":{"type":"Point","coordinates":[139.7590999,35.6491888]},"properties":{"name":"日の出","name_en":"Hinode","routes":["ゆりかもめ"]}},{"type":"Feature","geometry":{"type":"Point","coordinates":[139.7577718,35.6417379]},"properties":{"name":"芝浦ふ頭","name_en":"Shibaura-futo","routes":["ゆりかもめ"]}},{"type":"Feature","geometry":{"type":"Point","coordinates":[139.7787386,35.6298721]},"properties":{"name":"お台場海浜公園","name_en":"Odaiba-kaihinkoen","routes":["ゆりかもめ"]}},{"type":"Feature","geometry":{"type":"Point","coordinates":[139.7714216,35.6259018]},"properties":{"name":"台場","name_en":"Daiba","routes":["ゆりかもめ"]}},{"type":"Feature","geometry":{"type":"Point","coordinates":[139.7730812,35.621401]},"properties":{"name":"東京国際クルーズターミナル","name_en":"Tokyo International Cruise Terminal","routes":["ゆりかもめ"]}},{"type":"Feature","geometry":{"type":"Point","coordinates":[139.7794436,35.6175656]},"properties":{"name":"テレコムセンター","name_en":"Telecom Center","routes":["ゆりかもめ"]}},{"type":"Feature","geometry":{"type":"Point","coordinates":[139.7813002,35.6247543]},"properties":{"name":"青海","name_en":"Aomi","routes":["ゆりかもめ"]}},{"type":"Feature","geometry":{"type":"Point","coordinates":[139.7913701,35.630197]},"properties":{"name":"東京ビッグサイト","name_en":"Tokyo Big Sight","routes":["ゆりかもめ"]}},{"type":"Feature","geometry":{"type":"Point","coordinates":[139.7932562,35.6345562]},"properties":{"name":"有明","name_en":"Ariake","routes":["ゆりかもめ"]}},{"type":"Feature","geometry":{"type":"Point","coordinates":[139.7887923,35.6401034]},"properties":{"name":"有明テニスの森","name_en":"Ariake-Tennis-no-mori","routes":["ゆりかもめ"]}},{"type":"Feature","geometry":{"type":"Point","coordinates":[139.7857992,35.645771]},"properties":{"name":"市場前","name_en":"Shijō-mae","routes":["ゆりかもめ"]}},{"type":"Feature","geometry":{"type":"Point","coordinates":[139.790212,35.6487704]},"properties":{"name":"新豊洲","name_en":"Shin-toyosu","routes":["ゆりかもめ"]}},{"type":"Feature","geometry":{"type":"Point","coordinates":[139.7063115,35.5872987]},"properties":{"name":"西馬込","name_en":"Nishi-magome","routes":["都営浅草線"]}},{"type":"Feature","geometry":{"type":"Point","coordinates":[139.7119274,35.5967788]},"properties":{"name":"馬込","name_en":"Magome","routes":["都営浅草線"]}},{"type":"Feature","geometry":{"type":"Point","coordinates":[139.7163642,35.614502]},"properties":{"name":"戸越","name_en":"Togoshi","routes":["都営浅草線"]}},{"type":"Feature","geometry":{"type":"Point","coordinates":[139.7304256,35.6317345]},"properties":{"name":"高輪台","name_en":"Takanawadai","routes":["都営浅草線"]}},{"type":"Feature","geometry":{"type":"Point","coordinates":[139.7718846,35.6754339]},"properties":{"name":"宝町","name_en":"Takaracho","routes":["都営浅草線"]}},{"type":"Feature","geometry":{"type":"Point","coordinates":[139.8043487,35.7085609]},"properties":{"name":"本所吾妻橋","name_en":"Honjo-azumabashi","routes":["都営浅草線"]}},{"type":"Feature","geometry":{"type":"Point","coordinates":[139.8036235,35.64073]},"properties":{"name":"東雲","name_en":"Shinonome","routes":["りんかい線"]}},{"type":"Feature","geometry":{"type":"Point","coordinates":[139.7917555,35.6344374]},"properties":{"name":"国際展示場","name_en":"Kokusai-tenjijo","routes":["りんかい線"]}},{"type":"Feature","geometry":{"type":"Point","coordinates":[139.7780908,35.6270927]},"properties":{"name":"東京テレポート","name_en":"Tokyo Teleport","routes":["りんかい線"]}},{"type":"Feature","geometry":{"type":"Point","coordinates":[139.7507947,35.6227359]},"properties":{"name":"天王洲アイル","name_en":"Tennozu Isle","routes":["りんかい線"]}},{"type":"Feature","geometry":{"type":"Point","coordinates":[139.7498775,35.6097199]},"properties":{"name":"品川シーサイド","name_en":"Shinagawa Seaside","routes":["りんかい線"]}},{"type":"Feature","geometry":{"type":"Point","coordinates":[140.0906181,35.7012654]},"properties":{"name":"八千代台","name_en":"Yachiyodai","routes":["京成本線"]}},{"type":"Feature","geometry":{"type":"Point","coordinates":[140.1449738,35.7174567]},"properties":{"name":"志津","name_en":"Shizu","routes":["京成本線"]}},{"type":"Feature","geometry":{"type":"Point","coordinates":[140.1260447,35.715463]},"properties":{"name":"勝田台","name_en":"Katsutadai","routes":["京成本線"]}},{"type":"Feature","geometry":{"type":"Point","coordinates":[140.1563758,35.7217309]},"properties":{"name":"ユーカリが丘","name_en":"Yukarigaoka","routes":["京成本線"]}},{"type":"Feature","geometry":{"type":"Point","coordinates":[140.1808053,35.7299183]},"properties":{"name":"京成臼井","name_en":"Keisei-Usui","routes":["京成本線"]}},{"type":"Feature","geometry":{"type":"Point","coordinates":[140.22972461666666,35.72519906666667]},"properties":{"name":"京成佐倉","name_en":"Keisei-Sakura","routes":["京成本線"]}},{"type":"Feature","geometry":{"type":"Point","coordinates":[140.25109276,35.73008398]},"properties":{"name":"大佐倉","name_en":"Osakura","routes":["京成本線"]}},{"type":"Feature","geometry":{"type":"Point","coordinates":[140.2700406,35.7368049]},"properties":{"name":"京成酒々井","name_en":"Keisei-Shisui","routes":["京成本線"]}},{"type":"Feature","geometry":{"type":"Point","coordinates":[140.28099906,35.75264318]},"properties":{"name":"宗吾参道","name_en":"Sogosando","routes":["京成本線"]}},{"type":"Feature","geometry":{"type":"Point","coordinates":[140.29525528,35.760493679999996]},"properties":{"name":"公津の杜","name_en":"Kozunomori","routes":["京成本線"]}},{"type":"Feature","geometry":{"type":"Point","coordinates":[140.0481856,35.6859511]},"properties":{"name":"京成大久保","name_en":"Keisei-Okubo","routes":["京成本線"]}},{"type":"Feature","geometry":{"type":"Point","coordinates":[140.0684242,35.6869069]},"properties":{"name":"実籾","name_en":"Mimomi","routes":["京成本線"]}},{"type":"Feature","geometry":{"type":"Point","coordinates":[140.1079464,35.7120744]},"properties":{"name":"京成大和田","name_en":"Keisei-Owada","routes":["京成本線"]}},{"type":"Feature","geometry":{"type":"Point","coordinates":[139.8485055,35.7382678]},"properties":{"name":"京成立石","name_en":"Keisei Tateishi","routes":["京成電鉄押上線"]}},{"type":"Feature","geometry":{"type":"Point","coordinates":[139.8348561,35.7317433]},"properties":{"name":"四ツ木","name_en":"Yotsugi","routes":["京成電鉄押上線"]}},{"type":"Feature","geometry":{"type":"Point","coordinates":[139.8282344,35.727185]},"properties":{"name":"八広","name_en":"Yahiro","routes":["京成電鉄押上線"]}},{"type":"Feature","geometry":{"type":"Point","coordinates":[139.8197495,35.7181883]},"properties":{"name":"京成曳舟","name_en":"Keisei Hikifune","routes":["京成電鉄押上線"]}},{"type":"Feature","geometry":{"type":"Point","coordinates":[139.8793606,35.7510711]},"properties":{"name":"新柴又","name_en":"Shin-Shibamata","routes":["北総線"]}},{"type":"Feature","geometry":{"type":"Point","coordinates":[139.9005501,35.7575055]},"properties":{"name":"矢切","name_en":"Yagiri","routes":["北総線"]}},{"type":"Feature","geometry":{"type":"Point","coordinates":[139.9140684,35.7629783]},"properties":{"name":"北国分","name_en":"Kita-Kokubun","routes":["北総線"]}},{"type":"Feature","geometry":{"type":"Point","coordinates":[139.9307424,35.7652946]},"properties":{"name":"秋山","name_en":"Akiyama","routes":["北総線"]}},{"type":"Feature","geometry":{"type":"Point","coordinates":[139.9576128,35.775351]},"properties":{"name":"松飛台","name_en":"Matsuhidai","routes":["北総線"]}},{"type":"Feature","geometry":{"type":"Point","coordinates":[139.973586,35.7751536]},"properties":{"name":"大町","name_en":"Omachi","routes":["北総線"]}},{"type":"Feature","geometry":{"type":"Point","coordinates":[140.0316518,35.7843686]},"properties":{"name":"西白井","name_en":"Nishi-Shiroi","routes":["北総線"]}},{"type":"Feature","geometry":{"type":"Point","coordinates":[140.0540933,35.7847387]},"properties":{"name":"白井","name_en":"Shiroi","routes":["北総線"]}},{"type":"Feature","geometry":{"type":"Point","coordinates":[140.0762111,35.7870031]},"properties":{"name":"小室","name_en":"Komuro","routes":["北総線"]}},{"type":"Feature","geometry":{"type":"Point","coordinates":[140.1668513,35.8036457]},"properties":{"name":"印西牧の原","name_en":"Inzai-makinohara","routes":["北総線"]}},{"type":"Feature","geometry":{"type":"Point","coordinates":[140.29133335,35.799556300000006]},"properties":{"name":"成田湯川","name_en":"Narita Yukawa","routes":["京成成田空港アクセス"]}},{"type":"Feature","geometry":{"type":"Point","coordinates":[140.1031253,35.6227266]},"properties":{"name":"西千葉","name_en":"Nishi-Chiba","routes":["中央・総武緩行線"]}},{"type":"Feature","geometry":{"type":"Point","coordinates":[140.0730979,35.6517845]},"properties":{"name":"新検見川","name_en":"Shin-Kemigawa","routes":["中央・総武緩行線"]}},{"type":"Feature","geometry":{"type":"Point","coordinates":[140.0579864,35.659323]},"properties":{"name":"幕張","name_en":"Makuhari","routes":["中央・総武緩行線"]}},{"type":"Feature","geometry":{"type":"Point","coordinates":[140.0422955,35.6726962]},"properties":{"name":"幕張本郷","name_en":"Makuhari-Hongo","routes":["中央・総武緩行線"]}},{"type":"Feature","geometry":{"type":"Point","coordinates":[140.00429,35.6997729]},"properties":{"name":"東船橋","name_en":"Higashi-Funabashi","routes":["中央・総武緩行線"]}},{"type":"Feature","geometry":{"type":"Point","coordinates":[139.9430779,35.7143039]},"properties":{"name":"下総中山","name_en":"Shimosa-Nakayama","routes":["中央・総武緩行線"]}},{"type":"Feature","geometry":{"type":"Point","coordinates":[139.881843,35.7332364]},"properties":{"name":"小岩","name_en":"Koiwa","routes":["中央・総武緩行線"]}},{"type":"Feature","geometry":{"type":"Point","coordinates":[139.8425004,35.706421]},"properties":{"name":"平井","name_en":"Hirai","routes":["中央・総武緩行線"]}},{"type":"Feature","geometry":{"type":"Point","coordinates":[139.7204947,35.6800236]},"properties":{"name":"信濃町","name_en":"Shinanomachi","routes":["中央・総武緩行線"]}},{"type":"Feature","geometry":{"type":"Point","coordinates":[139.7113311,35.6812658]},"properties":{"name":"千駄ケ谷","name_en":"Sendagaya","routes":["中央・総武緩行線"]}},{"type":"Feature","geometry":{"type":"Point","coordinates":[139.6973178,35.7007776]},"properties":{"name":"大久保","name_en":"Okubo","routes":["中央・総武緩行線"]}},{"type":"Feature","geometry":{"type":"Point","coordinates":[139.6293801,35.7585523]},"properties":{"name":"光が丘","name_en":"Hikarigaoka","routes":["都営大江戸線"]}},{"type":"Feature","geometry":{"type":"Point","coordinates":[139.6403755,35.751398]},"properties":{"name":"練馬春日町","name_en":"Nerima-kasugacho","routes":["都営大江戸線"]}},{"type":"Feature","geometry":{"type":"Point","coordinates":[139.6704167,35.7326022]},"properties":{"name":"新江古田","name_en":"Shin-egota","routes":["都営大江戸線"]}},{"type":"Feature","geometry":{"type":"Point","coordinates":[139.6835782,35.7232248]},"properties":{"name":"落合南長崎","name_en":"Ochiai-minami-nagasaki","routes":["都営大江戸線"]}},{"type":"Feature","geometry":{"type":"Point","coordinates":[139.6845183,35.6898839]},"properties":{"name":"西新宿五丁目","name_en":"Nishi-shinjuku-gochome","routes":["都営大江戸線"]}},{"type":"Feature","geometry":{"type":"Point","coordinates":[139.692814,35.6906065]},"properties":{"name":"都庁前","name_en":"Tochomae","routes":["都営大江戸線"]}},{"type":"Feature","geometry":{"type":"Point","coordinates":[139.7139442,35.6801003]},"properties":{"name":"国立競技場","name_en":"Kokuritsu-kyogijo","routes":["都営大江戸線"]}},{"type":"Feature","geometry":{"type":"Point","coordinates":[139.7439828,35.6550406]},"properties":{"name":"赤羽橋","name_en":"Akabanebashi","routes":["都営大江戸線"]}},{"type":"Feature","geometry":{"type":"Point","coordinates":[139.7668843,35.6648789]},"properties":{"name":"築地市場","name_en":"Tsukijishijo","routes":["都営大江戸線"]}},{"type":"Feature","geometry":{"type":"Point","coordinates":[139.7771747,35.6589623]},"properties":{"name":"勝どき","name_en":"Kachidoki","routes":["都営大江戸線"]}},{"type":"Feature","geometry":{"type":"Point","coordinates":[139.7732996,35.7079766]},"properties":{"name":"上野御徒町","name_en":"Ueno-okachimachi","routes":["都営大江戸線"]}},{"type":"Feature","geometry":{"type":"Point","coordinates":[139.7359501,35.7009139]},"properties":{"name":"牛込神楽坂","name_en":"Ushigome-kagurazaka","routes":["都営大江戸線"]}},{"type":"Feature","geometry":{"type":"Point","coordinates":[139.7255744,35.6994561]},"properties":{"name":"牛込柳町","name_en":"Ushigome-yanagicho","routes":["都営大江戸線"]}},{"type":"Feature","geometry":{"type":"Point","coordinates":[139.7184084,35.6992849]},"properties":{"name":"若松河田","name_en":"Wakamatsu-kawada","routes":["都営大江戸線"]}},{"type":"Feature","geometry":{"type":"Point","coordinates":[139.6991763,35.6931366]},"properties":{"name":"新宿西口","name_en":"Shinjuku-nishiguchi","routes":["都営大江戸線"]}},{"type":"Feature","geometry":{"type":"Point","coordinates":[139.7690418,35.7428607]},"properties":{"name":"赤土小学校前","name_en":"Akado-shogakkomae","routes":["日暮里・舎人ライナー"]}},{"type":"Feature","geometry":{"type":"Point","coordinates":[139.7698441,35.7484991]},"properties":{"name":"熊野前","name_en":"Kumanomae","routes":["日暮里・舎人ライナー"]}},{"type":"Feature","geometry":{"type":"Point","coordinates":[139.7703819,35.7546937]},"properties":{"name":"足立小台","name_en":"Adachi-odai","routes":["日暮里・舎人ライナー"]}},{"type":"Feature","geometry":{"type":"Point","coordinates":[139.7708262,35.7639694]},"properties":{"name":"扇大橋","name_en":"Ogi-ohashi","routes":["日暮里・舎人ライナー"]}},{"type":"Feature","geometry":{"type":"Point","coordinates":[139.7706994,35.7685095]},"properties":{"name":"高野","name_en":"Koya","routes":["日暮里・舎人ライナー"]}},{"type":"Feature","geometry":{"type":"Point","coordinates":[139.7703113,35.7738081]},"properties":{"name":"江北","name_en":"Kohoku","routes":["日暮里・舎人ライナー"]}},{"type":"Feature","geometry":{"type":"Point","coordinates":[139.770084,35.7815121]},"properties":{"name":"西新井大師西","name_en":"Nishiaraidaishi-nishi","routes":["日暮里・舎人ライナー"]}},{"type":"Feature","geometry":{"type":"Point","coordinates":[139.7700523,35.7887298]},"properties":{"name":"谷在家","name_en":"Yazaike","routes":["日暮里・舎人ライナー"]}},{"type":"Feature","geometry":{"type":"Point","coordinates":[139.7701613,35.7963713]},"properties":{"name":"舎人公園","name_en":"Toneri-koen","routes":["日暮里・舎人ライナー"]}},{"type":"Feature","geometry":{"type":"Point","coordinates":[139.7701164,35.8056634]},"properties":{"name":"舎人","name_en":"Toneri","routes":["日暮里・舎人ライナー"]}},{"type":"Feature","geometry":{"type":"Point","coordinates":[139.7707277,35.814493]},"properties":{"name":"見沼代親水公園","name_en":"Minumadai-shinsuikoen","routes":["日暮里・舎人ライナー"]}},{"type":"Feature","geometry":{"type":"Point","coordinates":[139.5491595,35.5284798]},"properties":{"name":"川和町","name_en":"Kawawacho","routes":["横浜市営地下鉄グリーンライン"]}},{"type":"Feature","geometry":{"type":"Point","coordinates":[139.5612977,35.5365525]},"properties":{"name":"都筑ふれあいの丘","name_en":"Tsuzuki-fureainooka","routes":["横浜市営地下鉄グリーンライン"]}},{"type":"Feature","geometry":{"type":"Point","coordinates":[139.5927407,35.5609685]},"properties":{"name":"北山田","name_en":"Kita-yamata","routes":["横浜市営地下鉄グリーンライン"]}},{"type":"Feature","geometry":{"type":"Point","coordinates":[139.6046897,35.554173]},"properties":{"name":"東山田","name_en":"Higashi-yamata","routes":["横浜市営地下鉄グリーンライン"]}},{"type":"Feature","geometry":{"type":"Point","coordinates":[139.6200521,35.5496776]},"properties":{"name":"高田","name_en":"Takata","routes":["横浜市営地下鉄グリーンライン"]}},{"type":"Feature","geometry":{"type":"Point","coordinates":[139.6336227,35.5500655]},"properties":{"name":"日吉本町","name_en":"Hiyoshi-honcho","routes":["横浜市営地下鉄グリーンライン"]}},{"type":"Feature","geometry":{"type":"Point","coordinates":[139.1046395,35.2337006]},"properties":{"name":"箱根湯本","name_en":"","routes":["スーパーはこね"]}},{"type":"Feature","geometry":{"type":"Point","coordinates":[139.0727366,36.3831884]},"properties":{"name":"前橋","name_en":"Maebashi","routes":["湘南新宿ライン"]}},{"type":"Feature","geometry":{"type":"Point","coordinates":[139.0468141,36.3789716]},"properties":{"name":"新前橋","name_en":"Shim-Maebashi","routes":["湘南新宿ライン"]}},{"type":"Feature","geometry":{"type":"Point","coordinates":[139.0171036,36.3460163]},"properties":{"name":"高崎問屋町","name_en":"Takasakitonyamachi","routes":["湘南新宿ライン"]}},{"type":"Feature","geometry":{"type":"Point","coordinates":[139.6391522,35.8843981]},"properties":{"name":"与野","name_en":"Yono","routes":["JR京浜東北線"]}},{"type":"Feature","geometry":{"type":"Point","coordinates":[139.6461059,35.8721554]},"properties":{"name":"北浦和","name_en":"Kita-Urawa","routes":["JR京浜東北線"]}},{"type":"Feature","geometry":{"type":"Point","coordinates":[139.6903799,35.8281232]},"properties":{"name":"蕨","name_en":"Warabi","routes":["JR京浜東北線"]}},{"type":"Feature","geometry":{"type":"Point","coordinates":[139.7044816,35.8155833]},"properties":{"name":"西川口","name_en":"Nishi-Kawaguchi","routes":["JR京浜東北線"]}},{"type":"Feature","geometry":{"type":"Point","coordinates":[139.7175116,35.8019257]},"properties":{"name":"川口","name_en":"Kawaguchi","routes":["JR京浜東北線"]}},{"type":"Feature","geometry":{"type":"Point","coordinates":[139.7268749,35.7638484]},"properties":{"name":"東十条","name_en":"Higashi-Jujo","routes":["JR京浜東北線"]}},{"type":"Feature","geometry":{"type":"Point","coordinates":[139.7469796,35.746579]},"properties":{"name":"上中里","name_en":"Kami-Nakazato","routes":["JR京浜東北線"]}},{"type":"Feature","geometry":{"type":"Point","coordinates":[139.7279334,35.5884735]},"properties":{"name":"大森","name_en":"Omori","routes":["JR京浜東北線"]}},{"type":"Feature","geometry":{"type":"Point","coordinates":[139.6541635,35.4868754]},"properties":{"name":"新子安","name_en":"Shin-Koyasu","routes":["JR京浜東北線"]}},{"type":"Feature","geometry":{"type":"Point","coordinates":[139.7814629,35.7788753]},"properties":{"name":"大師前","name_en":"Daishimae","routes":["東武大師線"]}},{"type":"Feature","geometry":{"type":"Point","coordinates":[139.8335333,35.7000853]},"properties":{"name":"亀戸水神","name_en":"Kameidosuijin","routes":["東武鉄道亀戸線"]}},{"type":"Feature","geometry":{"type":"Point","coordinates":[139.8318081,35.7070693]},"properties":{"name":"東あずま","name_en":"Higashi-azuma","routes":["東武鉄道亀戸線"]}},{"type":"Feature","geometry":{"type":"Point","coordinates":[139.8277754,35.7102802]},"properties":{"name":"小村井","name_en":"Omurai","routes":["東武鉄道亀戸線"]}},{"type":"Feature","geometry":{"type":"Point","coordinates":[139.4921288,35.5455896]},"properties":{"name":"恩田","name_en":"Onda","routes":["東急こどもの国線"]}},{"type":"Feature","geometry":{"type":"Point","coordinates":[139.4864894,35.558128]},"properties":{"name":"こどもの国","name_en":"Kodomonokuni","routes":["東急こどもの国線"]}},{"type":"Feature","geometry":{"type":"Point","coordinates":[139.7926094,35.6679059]},"properties":{"name":"越中島","name_en":"Etchūjima","routes":["JR京葉線"]}},{"type":"Feature","geometry":{"type":"Point","coordinates":[139.8171968,35.6589236]},"properties":{"name":"潮見","name_en":"Shiomi","routes":["JR京葉線"]}},{"type":"Feature","geometry":{"type":"Point","coordinates":[139.8615992,35.6444075]},"properties":{"name":"葛西臨海公園","name_en":"Kasai-Rinkai Park","routes":["JR京葉線"]}},{"type":"Feature","geometry":{"type":"Point","coordinates":[139.8836057,35.636259]},"properties":{"name":"舞浜","name_en":"Maihama","routes":["JR京葉線"]}},{"type":"Feature","geometry":{"type":"Point","coordinates":[139.9124954,35.6495336]},"properties":{"name":"新浦安","name_en":"Shin-Urayasu","routes":["JR京葉線"]}},{"type":"Feature","geometry":{"type":"Point","coordinates":[139.959533,35.6913813]},"properties":{"name":"二俣新町","name_en":"Futamata-Shinmachi","routes":["JR京葉線"]}},{"type":"Feature","geometry":{"type":"Point","coordinates":[140.0128786,35.6673499]},"properties":{"name":"新習志野","name_en":"Shin-Narashino","routes":["JR京葉線"]}},{"type":"Feature","geometry":{"type":"Point","coordinates":[140.041921,35.6484234]},"properties":{"name":"海浜幕張","name_en":"Kaihin-Makuhari","routes":["JR京葉線"]}},{"type":"Feature","geometry":{"type":"Point","coordinates":[140.0590771,35.6372071]},"properties":{"name":"検見川浜","name_en":"Kemigawahama","routes":["JR京葉線"]}},{"type":"Feature","geometry":{"type":"Point","coordinates":[140.0735654,35.6294925]},"properties":{"name":"稲毛海岸","name_en":"Inage-Kaigan","routes":["JR京葉線"]}},{"type":"Feature","geometry":{"type":"Point","coordinates":[140.1024718,35.6074412]},"properties":{"name":"千葉みなと","name_en":"Chiba-Minato","routes":["JR京葉線"]}},{"type":"Feature","geometry":{"type":"Point","coordinates":[139.6859133,35.7106637]},"properties":{"name":"落合","name_en":"Ochiai","routes":["東京メトロ東西線"]}},{"type":"Feature","geometry":{"type":"Point","coordinates":[139.721191,35.7058028]},"properties":{"name":"早稲田","name_en":"Waseda","routes":["東京メトロ東西線"]}},{"type":"Feature","geometry":{"type":"Point","coordinates":[139.7341347,35.7039298]},"properties":{"name":"神楽坂","name_en":"Kagurazaka","routes":["東京メトロ東西線"]}},{"type":"Feature","geometry":{"type":"Point","coordinates":[139.7587484,35.6900994]},"properties":{"name":"竹橋","name_en":"Takebashi","routes":["東京メトロ東西線"]}},{"type":"Feature","geometry":{"type":"Point","coordinates":[139.8065455,35.669416]},"properties":{"name":"木場","name_en":"Kiba","routes":["東京メトロ東西線"]}},{"type":"Feature","geometry":{"type":"Point","coordinates":[139.8174761,35.6695961]},"properties":{"name":"東陽町","name_en":"Toyocho","routes":["東京メトロ東西線"]}},{"type":"Feature","geometry":{"type":"Point","coordinates":[139.8318642,35.6683446]},"properties":{"name":"南砂町","name_en":"Minami-sunamachi","routes":["東京メトロ東西線"]}},{"type":"Feature","geometry":{"type":"Point","coordinates":[139.8593173,35.6645795]},"properties":{"name":"西葛西","name_en":"Nishi-kasai","routes":["東京メトロ東西線"]}},{"type":"Feature","geometry":{"type":"Point","coordinates":[139.8726921,35.6636282]},"properties":{"name":"葛西","name_en":"Kasai","routes":["東京メトロ東西線"]}},{"type":"Feature","geometry":{"type":"Point","coordinates":[139.8930133,35.6658445]},"properties":{"name":"浦安","name_en":"Urayasu","routes":["東京メトロ東西線"]}},{"type":"Feature","geometry":{"type":"Point","coordinates":[139.902279,35.6727318]},"properties":{"name":"南行徳","name_en":"Minami-gyotoku","routes":["東京メトロ東西線"]}},{"type":"Feature","geometry":{"type":"Point","coordinates":[139.9145062,35.6828816]},"properties":{"name":"行徳","name_en":"Gyotoku","routes":["東京メトロ東西線"]}},{"type":"Feature","geometry":{"type":"Point","coordinates":[139.9244066,35.6910897]},"properties":{"name":"妙典","name_en":"Myoden","routes":["東京メトロ東西線"]}},{"type":"Feature","geometry":{"type":"Point","coordinates":[139.9416595,35.7031484]},"properties":{"name":"原木中山","name_en":"Baraki-nakayama","routes":["東京メトロ東西線"]}},{"type":"Feature","geometry":{"type":"Point","coordinates":[139.9797963,35.7114485]},"properties":{"name":"新船橋","name_en":"Shin-Funabashi","routes":["東武アーバンパークライン"]}},{"type":"Feature","geometry":{"type":"Point","coordinates":[139.9825253,35.7216684]},"properties":{"name":"塚田","name_en":"Tsukada","routes":["東武アーバンパークライン"]}},{"type":"Feature","geometry":{"type":"Point","coordinates":[139.9922561,35.741571]},"properties":{"name":"馬込沢","name_en":"Magomezawa","routes":["東武アーバンパークライン"]}},{"type":"Feature","geometry":{"type":"Point","coordinates":[139.9973523,35.7640464]},"properties":{"name":"鎌ヶ谷","name_en":"Kamagaya","routes":["東武アーバンパークライン"]}},{"type":"Feature","geometry":{"type":"Point","coordinates":[139.9993452,35.7938671]},"properties":{"name":"六実","name_en":"Mutsumi","routes":["東武アーバンパークライン"]}},{"type":"Feature","geometry":{"type":"Point","coordinates":[139.9988464,35.8081725]},"properties":{"name":"高柳","name_en":"Takayanagi","routes":["東武アーバンパークライン"]}},{"type":"Feature","geometry":{"type":"Point","coordinates":[139.9839107,35.8232385]},"properties":{"name":"逆井","name_en":"Sakasai","routes":["東武アーバンパークライン"]}},{"type":"Feature","geometry":{"type":"Point","coordinates":[139.9767076,35.8295829]},"properties":{"name":"増尾","name_en":"Masuo","routes":["東武アーバンパークライン"]}},{"type":"Feature","geometry":{"type":"Point","coordinates":[139.9666532,35.838506]},"properties":{"name":"新柏","name_en":"Shin-Kashiwa","routes":["東武アーバンパークライン"]}},{"type":"Feature","geometry":{"type":"Point","coordinates":[139.7147782,35.7202465]},"properties":{"name":"雑司が谷","name_en":"Zoshigaya","routes":["東京メトロ副都心線"]}},{"type":"Feature","geometry":{"type":"Point","coordinates":[139.7090404,35.7079347]},"properties":{"name":"西早稲田","name_en":"Nishi-waseda","routes":["東京メトロ副都心線"]}},{"type":"Feature","geometry":{"type":"Point","coordinates":[139.705414,35.6784974]},"properties":{"name":"北参道","name_en":"Kita-sando","routes":["東京メトロ副都心線"]}},{"type":"Feature","geometry":{"type":"Point","coordinates":[139.7002588,35.5625766]},"properties":{"name":"矢口渡","name_en":"Yaguchi-no-watashi","routes":["東急多摩川線"]}},{"type":"Feature","geometry":{"type":"Point","coordinates":[139.6924791,35.5678616]},"properties":{"name":"武蔵新田","name_en":"Musashi-nitta","routes":["東急多摩川線"]}},{"type":"Feature","geometry":{"type":"Point","coordinates":[139.6855952,35.5713856]},"properties":{"name":"下丸子","name_en":"Shimomaruko","routes":["東急多摩川線"]}},{"type":"Feature","geometry":{"type":"Point","coordinates":[139.6805741,35.5754603]},"properties":{"name":"鵜の木","name_en":"Unoki","routes":["東急多摩川線"]}},{"type":"Feature","geometry":{"type":"Point","coordinates":[139.6730652,35.5827683]},"properties":{"name":"沼部","name_en":"Numabe","routes":["東急多摩川線"]}},{"type":"Feature","geometry":{"type":"Point","coordinates":[139.6987365,35.61547]},"properties":{"name":"西小山","name_en":"Nishi-koyama","routes":["東急目黒線"]}},{"type":"Feature","geometry":{"type":"Point","coordinates":[139.8110139,35.7106916]},"properties":{"name":"とうきょうスカイツリー","name_en":"TOKYO SKYTREE","routes":["東武スカイツリーライン"]}},{"type":"Feature","geometry":{"type":"Point","coordinates":[139.8193077,35.7243341]},"properties":{"name":"東向島","name_en":"Higashi-mukojima","routes":["東武スカイツリーライン"]}},{"type":"Feature","geometry":{"type":"Point","coordinates":[139.8205233,35.7337353]},"properties":{"name":"鐘ヶ淵","name_en":"Kanegafuchi","routes":["東武スカイツリーライン"]}},{"type":"Feature","geometry":{"type":"Point","coordinates":[139.8176989,35.7432581]},"properties":{"name":"堀切","name_en":"Horikiri","routes":["東武スカイツリーライン"]}},{"type":"Feature","geometry":{"type":"Point","coordinates":[139.8121358,35.7446629]},"properties":{"name":"牛田","name_en":"Ushida","routes":["東武スカイツリーライン"]}},{"type":"Feature","geometry":{"type":"Point","coordinates":[139.8126428,35.7586732]},"properties":{"name":"小菅","name_en":"Kosuge","routes":["東武スカイツリーライン"]}},{"type":"Feature","geometry":{"type":"Point","coordinates":[139.8094973,35.7659593]},"properties":{"name":"五反野","name_en":"Gotanno","routes":["東武スカイツリーライン"]}},{"type":"Feature","geometry":{"type":"Point","coordinates":[139.7979912,35.7723784]},"properties":{"name":"梅島","name_en":"Umejima","routes":["東武スカイツリーライン"]}},{"type":"Feature","geometry":{"type":"Point","coordinates":[139.7908431,35.7944805]},"properties":{"name":"竹ノ塚","name_en":"Takenotsuka","routes":["東武スカイツリーライン"]}},{"type":"Feature","geometry":{"type":"Point","coordinates":[139.8011329,35.8142116]},"properties":{"name":"谷塚","name_en":"Yatsuka","routes":["東武スカイツリーライン"]}},{"type":"Feature","geometry":{"type":"Point","coordinates":[139.8033621,35.8282516]},"properties":{"name":"草加","name_en":"Soka","routes":["東武スカイツリーライン"]}},{"type":"Feature","geometry":{"type":"Point","coordinates":[139.8006128,35.8434099]},"properties":{"name":"獨協大学前〈草加松原〉","name_en":"Dokkyodaigakumae〈Soka-Matsubara〉","routes":["東武スカイツリーライン"]}},{"type":"Feature","geometry":{"type":"Point","coordinates":[139.7915927,35.8673508]},"properties":{"name":"蒲生","name_en":"Gamo","routes":["東武スカイツリーライン"]}},{"type":"Feature","geometry":{"type":"Point","coordinates":[139.7898394,35.8754965]},"properties":{"name":"新越谷","name_en":"Shin-koshigaya","routes":["東武スカイツリーライン"]}},{"type":"Feature","geometry":{"type":"Point","coordinates":[139.7859554,35.8882989]},"properties":{"name":"越谷","name_en":"Koshigaya","routes":["東武スカイツリーライン"]}},{"type":"Feature","geometry":{"type":"Point","coordinates":[139.7798627,35.9020589]},"properties":{"name":"北越谷","name_en":"Kita-koshigaya","routes":["東武スカイツリーライン"]}},{"type":"Feature","geometry":{"type":"Point","coordinates":[139.7780299,35.9238936]},"properties":{"name":"大袋","name_en":"Obukuro","routes":["東武スカイツリーライン"]}},{"type":"Feature","geometry":{"type":"Point","coordinates":[139.7744756,35.9358561]},"properties":{"name":"せんげん台","name_en":"Sengendai","routes":["東武スカイツリーライン"]}},{"type":"Feature","geometry":{"type":"Point","coordinates":[139.7707125,35.948627]},"properties":{"name":"武里","name_en":"Takesato","routes":["東武スカイツリーライン"]}},{"type":"Feature","geometry":{"type":"Point","coordinates":[139.76610614999998,35.9642104]},"properties":{"name":"一ノ割","name_en":"Ichinowari","routes":["東武スカイツリーライン"]}},{"type":"Feature","geometry":{"type":"Point","coordinates":[139.7441,35.990331049999995]},"properties":{"name":"北春日部","name_en":"","routes":["東武スカイツリーライン"]}},{"type":"Feature","geometry":{"type":"Point","coordinates":[139.73885710000002,36.0041001]},"properties":{"name":"姫宮","name_en":"Himemiya","routes":["東武スカイツリーライン"]}},{"type":"Feature","geometry":{"type":"Point","coordinates":[139.726762425,36.02477295]},"properties":{"name":"東武動物公園","name_en":"","routes":["東武スカイツリーライン"]}},{"type":"Feature","geometry":{"type":"Point","coordinates":[139.7164667,36.8226802]},"properties":{"name":"鬼怒川温泉","name_en":"Kinugawa-Onsen","routes":["きぬがわ"]}},{"type":"Feature","geometry":{"type":"Point","coordinates":[139.709135,36.8084293]},"properties":{"name":"東武ワールドスクウェア","name_en":"TOBU WORLD SQUARE","routes":["きぬがわ"]}},{"type":"Feature","geometry":{"type":"Point","coordinates":[139.74484875,36.55680375]},"properties":{"name":"新鹿沼","name_en":"Shin-Kanuma","routes":["きぬがわ"]}},{"type":"Feature","geometry":{"type":"Point","coordinates":[139.3713498,35.9017534]},"properties":{"name":"武蔵高萩","name_en":"Musashi-Takahagi","routes":["川越線"]}},{"type":"Feature","geometry":{"type":"Point","coordinates":[139.4065052,35.9075716]},"properties":{"name":"笠幡","name_en":"Kasahata","routes":["川越線"]}},{"type":"Feature","geometry":{"type":"Point","coordinates":[139.4360714,35.9176574]},"properties":{"name":"的場","name_en":"Matoba","routes":["川越線"]}},{"type":"Feature","geometry":{"type":"Point","coordinates":[139.4594957,35.919173]},"properties":{"name":"西川越","name_en":"Nishi-Kawagoe","routes":["川越線"]}},{"type":"Feature","geometry":{"type":"Point","coordinates":[139.5194429,35.9032539]},"properties":{"name":"南古谷","name_en":"Minami-Furuya","routes":["川越線"]}},{"type":"Feature","geometry":{"type":"Point","coordinates":[139.5650513,35.9171426]},"properties":{"name":"指扇","name_en":"Sashiogi","routes":["川越線"]}},{"type":"Feature","geometry":{"type":"Point","coordinates":[139.5798125,35.9223096]},"properties":{"name":"西大宮","name_en":"Nishi-Omiya","routes":["川越線"]}},{"type":"Feature","geometry":{"type":"Point","coordinates":[139.6061435,35.9315562]},"properties":{"name":"日進","name_en":"Nisshin","routes":["川越線"]}},{"type":"Feature","geometry":{"type":"Point","coordinates":[139.4487827,35.7678406]},"properties":{"name":"西武園","name_en":"Seibuen","routes":["西武園線"]}},{"type":"Feature","geometry":{"type":"Point","coordinates":[139.6332331,35.3801794]},"properties":{"name":"南部市場","name_en":"Nambu-Shijo","routes":["横浜シーサイドライン金沢シーサイドライン"]}},{"type":"Feature","geometry":{"type":"Point","coordinates":[139.6417394,35.3770641]},"properties":{"name":"鳥浜","name_en":"Torihama","routes":["横浜シーサイドライン金沢シーサイドライン"]}},{"type":"Feature","geometry":{"type":"Point","coordinates":[139.642701,35.371877]},"properties":{"name":"並木北","name_en":"Namiki-Kita","routes":["横浜シーサイドライン金沢シーサイドライン"]}},{"type":"Feature","geometry":{"type":"Point","coordinates":[139.6429378,35.3654383]},"properties":{"name":"並木中央","name_en":"Namiki-Chuo","routes":["横浜シーサイドライン金沢シーサイドライン"]}},{"type":"Feature","geometry":{"type":"Point","coordinates":[139.6437391,35.3583376]},"properties":{"name":"幸浦","name_en":"Sachiura","routes":["横浜シーサイドライン金沢シーサイドライン"]}},{"type":"Feature","geometry":{"type":"Point","coordinates":[139.646291,35.3534255]},"properties":{"name":"産業振興センター","name_en":"Sangyoshinko Center","routes":["横浜シーサイドライン金沢シーサイドライン"]}},{"type":"Feature","geometry":{"type":"Point","coordinates":[139.6485436,35.3496489]},"properties":{"name":"福浦","name_en":"Fukuura","routes":["横浜シーサイドライン金沢シーサイドライン"]}},{"type":"Feature","geometry":{"type":"Point","coordinates":[139.6501527,35.3439482]},"properties":{"name":"市大医学部","name_en":"Shidai-Igakubu","routes":["横浜シーサイドライン金沢シーサイドライン"]}},{"type":"Feature","geometry":{"type":"Point","coordinates":[139.640836,35.3408226]},"properties":{"name":"八景島","name_en":"Hakkeijima","routes":["横浜シーサイドライン金沢シーサイドライン"]}},{"type":"Feature","geometry":{"type":"Point","coordinates":[139.6359064,35.3421054]},"properties":{"name":"海の公園柴口","name_en":"Uminokoen-Shibaguchi","routes":["横浜シーサイドライン金沢シーサイドライン"]}},{"type":"Feature","geometry":{"type":"Point","coordinates":[139.6320353,35.3371661]},"properties":{"name":"海の公園南口","name_en":"Uminokoen-Minamiguchi","routes":["横浜シーサイドライン金沢シーサイドライン"]}},{"type":"Feature","geometry":{"type":"Point","coordinates":[139.6314529,35.3305191]},"properties":{"name":"野島公園","name_en":"Nojimakoen","routes":["横浜シーサイドライン金沢シーサイドライン"]}},{"type":"Feature","geometry":{"type":"Point","coordinates":[140.1384174,35.9296034]},"properties":{"name":"佐貫","name_en":"Sanuki","routes":["関東鉄道竜ヶ崎線"]}},{"type":"Feature","geometry":{"type":"Point","coordinates":[140.157004,35.9191689]},"properties":{"name":"入地","name_en":"Ireji","routes":["関東鉄道竜ヶ崎線"]}},{"type":"Feature","geometry":{"type":"Point","coordinates":[140.1793295,35.9084135]},"properties":{"name":"竜ヶ崎","name_en":"Ryugasaki","routes":["関東鉄道竜ヶ崎線"]}},{"type":"Feature","geometry":{"type":"Point","coordinates":[140.27760510000002,35.80774445]},"properties":{"name":"下総松崎","name_en":"Shimosa-Manzaki","routes":["JR成田線我孫子"]}},{"type":"Feature","geometry":{"type":"Point","coordinates":[140.24227144999998,35.835740599999994]},"properties":{"name":"安食","name_en":"Ajiki","routes":["JR成田線我孫子"]}},{"type":"Feature","geometry":{"type":"Point","coordinates":[140.193306,35.830567]},"properties":{"name":"小林","name_en":"Kobayashi","routes":["JR成田線我孫子"]}},{"type":"Feature","geometry":{"type":"Point","coordinates":[140.1483223,35.8389123]},"properties":{"name":"木下","name_en":"Kioroshi","routes":["JR成田線我孫子"]}},{"type":"Feature","geometry":{"type":"Point","coordinates":[140.1331197,35.8490121]},"properties":{"name":"布佐","name_en":"Fusa","routes":["JR成田線我孫子"]}},{"type":"Feature","geometry":{"type":"Point","coordinates":[140.1071831,35.8623295]},"properties":{"name":"新木","name_en":"Araki","routes":["JR成田線我孫子"]}},{"type":"Feature","geometry":{"type":"Point","coordinates":[140.0777789,35.8672452]},"properties":{"name":"湖北","name_en":"Kohoku","routes":["JR成田線我孫子"]}},{"type":"Feature","geometry":{"type":"Point","coordinates":[140.0476509,35.8689824]},"properties":{"name":"東我孫子","name_en":"Higashi-Abiko","routes":["JR成田線我孫子"]}},{"type":"Feature","geometry":{"type":"Point","coordinates":[140.1260561,35.7159497]},"properties":{"name":"東葉勝田台","name_en":"Toyo-Katsutadai","routes":["東葉高速線"]}},{"type":"Feature","geometry":{"type":"Point","coordinates":[140.1183517,35.7237734]},"properties":{"name":"村上","name_en":"Murakami","routes":["東葉高速線"]}},{"type":"Feature","geometry":{"type":"Point","coordinates":[140.1034097,35.7278521]},"properties":{"name":"八千代中央","name_en":"Yachiyo-chuo","routes":["東葉高速線"]}},{"type":"Feature","geometry":{"type":"Point","coordinates":[140.0729952,35.7288504]},"properties":{"name":"八千代緑が丘","name_en":"Yachiyo-midorigaoka","routes":["東葉高速線"]}},{"type":"Feature","geometry":{"type":"Point","coordinates":[140.0588171,35.7268419]},"properties":{"name":"船橋日大前","name_en":"Funabashi-nichidaimae","routes":["東葉高速線"]}},{"type":"Feature","geometry":{"type":"Point","coordinates":[140.0221635,35.7140049]},"properties":{"name":"飯山満","name_en":"Hasama","routes":["東葉高速線"]}},{"type":"Feature","geometry":{"type":"Point","coordinates":[139.98055,35.7059603]},"properties":{"name":"東海神","name_en":"Higashi-Kaijin","routes":["東葉高速線"]}},{"type":"Feature","geometry":{"type":"Point","coordinates":[139.7300045,35.8001212]},"properties":{"name":"川口元郷","name_en":"Kawaguchi-motogo","routes":["埼玉高速鉄道線"]}},{"type":"Feature","geometry":{"type":"Point","coordinates":[139.7361213,35.8161232]},"properties":{"name":"南鳩ヶ谷","name_en":"Minami-hatogaya","routes":["埼玉高速鉄道線"]}},{"type":"Feature","geometry":{"type":"Point","coordinates":[139.7361589,35.8308732]},"properties":{"name":"鳩ヶ谷","name_en":"Hatogaya","routes":["埼玉高速鉄道線"]}},{"type":"Feature","geometry":{"type":"Point","coordinates":[139.7382196,35.8429984]},"properties":{"name":"新井宿","name_en":"Araijuku","routes":["埼玉高速鉄道線"]}},{"type":"Feature","geometry":{"type":"Point","coordinates":[139.7537018,35.8589375]},"properties":{"name":"戸塚安行","name_en":"Tozuka-angyo","routes":["埼玉高速鉄道線"]}},{"type":"Feature","geometry":{"type":"Point","coordinates":[139.7276313,35.8938207]},"properties":{"name":"浦和美園","name_en":"Urawa-misono","routes":["埼玉高速鉄道線"]}},{"type":"Feature","geometry":{"type":"Point","coordinates":[139.738849,35.6649728]},"properties":{"name":"六本木一丁目","name_en":"Roppongi-itchome","routes":["東京メトロ南北線"]}},{"type":"Feature","geometry":{"type":"Point","coordinates":[139.7367542,35.693280599999994]},"properties":{"name":"市ヶ谷駅","name_en":"Ichigaya","routes":["東京メトロ南北線"]}},{"type":"Feature","geometry":{"type":"Point","coordinates":[139.7581767,35.7173365]},"properties":{"name":"東大前","name_en":"Todaimae","routes":["東京メトロ南北線"]}},{"type":"Feature","geometry":{"type":"Point","coordinates":[139.7537008,35.7247631]},"properties":{"name":"本駒込","name_en":"Hon-komagome","routes":["東京メトロ南北線"]}},{"type":"Feature","geometry":{"type":"Point","coordinates":[139.7421722,35.7460496]},"properties":{"name":"西ヶ原駅","name_en":"Nishigahara","routes":["東京メトロ南北線"]}},{"type":"Feature","geometry":{"type":"Point","coordinates":[139.7357178,35.7650552]},"properties":{"name":"王子神谷","name_en":"Oji-kamiya","routes":["東京メトロ南北線"]}},{"type":"Feature","geometry":{"type":"Point","coordinates":[139.7325256,35.7779045]},"properties":{"name":"志茂","name_en":"Shimo","routes":["東京メトロ南北線"]}},{"type":"Feature","geometry":{"type":"Point","coordinates":[139.6738042,35.692021]},"properties":{"name":"中野新橋","name_en":"Nakano-shimbashi","routes":["東京メトロ丸ノ内線"]}},{"type":"Feature","geometry":{"type":"Point","coordinates":[139.6670329,35.6905641]},"properties":{"name":"中野富士見町","name_en":"Nakano-fujimicho","routes":["東京メトロ丸ノ内線"]}},{"type":"Feature","geometry":{"type":"Point","coordinates":[139.6576888,35.6835007]},"properties":{"name":"方南町","name_en":"Honancho","routes":["東京メトロ丸ノ内線"]}},{"type":"Feature","geometry":{"type":"Point","coordinates":[139.4893214,35.656312]},"properties":{"name":"是政","name_en":"Koremasa","routes":["西武多摩川線"]}},{"type":"Feature","geometry":{"type":"Point","coordinates":[139.4995827,35.6562077]},"properties":{"name":"競艇場前","name_en":"Kyoteijo-mae","routes":["西武多摩川線"]}},{"type":"Feature","geometry":{"type":"Point","coordinates":[139.5098139,35.6664784]},"properties":{"name":"白糸台","name_en":"Shiraitodai","routes":["西武多摩川線"]}},{"type":"Feature","geometry":{"type":"Point","coordinates":[139.5170281,35.6765958]},"properties":{"name":"多磨","name_en":"Tama","routes":["西武多摩川線"]}},{"type":"Feature","geometry":{"type":"Point","coordinates":[139.5265006,35.6956595]},"properties":{"name":"新小金井","name_en":"Shin-Koganei","routes":["西武多摩川線"]}},{"type":"Feature","geometry":{"type":"Point","coordinates":[140.08743570000001,36.9967186]},"properties":{"name":"高久","name_en":"Takaku","routes":["JR東北本線"]}},{"type":"Feature","geometry":{"type":"Point","coordinates":[140.12009,37.02318205]},"properties":{"name":"黒田原","name_en":"Kurodahara","routes":["JR東北本線"]}},{"type":"Feature","geometry":{"type":"Point","coordinates":[140.15532675,37.05528315]},"properties":{"name":"豊原","name_en":"Toyohara","routes":["JR東北本線"]}},{"type":"Feature","geometry":{"type":"Point","coordinates":[140.18431270000002,37.0947798]},"properties":{"name":"白坂","name_en":"Shirasaka","routes":["JR東北本線"]}},{"type":"Feature","geometry":{"type":"Point","coordinates":[140.2129899,37.130166349999996]},"properties":{"name":"白河","name_en":"Shirakawa","routes":["JR東北本線"]}},{"type":"Feature","geometry":{"type":"Point","coordinates":[140.25981485,37.137404599999996]},"properties":{"name":"久田野","name_en":"Kutano","routes":["JR東北本線"]}},{"type":"Feature","geometry":{"type":"Point","coordinates":[140.29899895,37.158290050000005]},"properties":{"name":"泉崎","name_en":"Izumizaki","routes":["JR東北本線"]}},{"type":"Feature","geometry":{"type":"Point","coordinates":[140.3282082,37.2055022]},"properties":{"name":"矢吹","name_en":"Yabuki","routes":["JR東北本線"]}},{"type":"Feature","geometry":{"type":"Point","coordinates":[140.3469944,37.2506112]},"properties":{"name":"鏡石","name_en":"Kagamiishi","routes":["JR東北本線"]}},{"type":"Feature","geometry":{"type":"Point","coordinates":[140.37194699999998,37.3004844]},"properties":{"name":"須賀川","name_en":"Sukagawa","routes":["JR東北本線"]}},{"type":"Feature","geometry":{"type":"Point","coordinates":[140.36893895,37.35706435]},"properties":{"name":"安積永盛","name_en":"Asaka-Nagamori","routes":["JR東北本線"]}},{"type":"Feature","geometry":{"type":"Point","coordinates":[140.38826004999999,37.446343150000004]},"properties":{"name":"日和田","name_en":"Hiwada","routes":["JR東北本線"]}},{"type":"Feature","geometry":{"type":"Point","coordinates":[140.3881167,37.48286245]},"properties":{"name":"五百川","name_en":"Gohyakugawa","routes":["JR東北本線"]}},{"type":"Feature","geometry":{"type":"Point","coordinates":[140.39937659999998,37.51419325]},"properties":{"name":"本宮","name_en":"Motomiya","routes":["JR東北本線"]}},{"type":"Feature","geometry":{"type":"Point","coordinates":[140.43554085,37.5894615]},"properties":{"name":"二本松","name_en":"Nihonmatsu","routes":["JR東北本線"]}},{"type":"Feature","geometry":{"type":"Point","coordinates":[140.46643719999997,37.61217255]},"properties":{"name":"安達","name_en":"Adachi","routes":["JR東北本線"]}},{"type":"Feature","geometry":{"type":"Point","coordinates":[140.48425375,37.6533232]},"properties":{"name":"松川","name_en":"Matsukawa","routes":["JR東北本線"]}},{"type":"Feature","geometry":{"type":"Point","coordinates":[140.45198345,37.680710000000005]},"properties":{"name":"金谷川","name_en":"Kanayagawa","routes":["JR東北本線"]}},{"type":"Feature","geometry":{"type":"Point","coordinates":[140.45577275,37.7236398]},"properties":{"name":"南福島","name_en":"Minami-Fukushima","routes":["JR東北本線"]}},{"type":"Feature","geometry":{"type":"Point","coordinates":[140.4776589,37.800108699999996]},"properties":{"name":"東福島","name_en":"Higashi-Fukushima","routes":["JR東北本線"]}},{"type":"Feature","geometry":{"type":"Point","coordinates":[140.4933226,37.8241941]},"properties":{"name":"伊達","name_en":"Date","routes":["JR東北本線"]}},{"type":"Feature","geometry":{"type":"Point","coordinates":[140.51745415,37.8554217]},"properties":{"name":"桑折","name_en":"Kori","routes":["JR東北本線"]}},{"type":"Feature","geometry":{"type":"Point","coordinates":[140.53963605,37.8791363]},"properties":{"name":"藤田","name_en":"Fujita","routes":["JR東北本線"]}},{"type":"Feature","geometry":{"type":"Point","coordinates":[140.58117285,37.9082694]},"properties":{"name":"貝田","name_en":"Kaida","routes":["JR東北本線"]}},{"type":"Feature","geometry":{"type":"Point","coordinates":[140.6043987,37.93404045]},"properties":{"name":"越河","name_en":"Kosugo","routes":["JR東北本線"]}},{"type":"Feature","geometry":{"type":"Point","coordinates":[140.6262873,38.0028497]},"properties":{"name":"白石","name_en":"Shiroishi","routes":["JR東北本線"]}},{"type":"Feature","geometry":{"type":"Point","coordinates":[140.65114885,38.0351098]},"properties":{"name":"東白石","name_en":"Higashi-Shiroishi","routes":["JR東北本線"]}},{"type":"Feature","geometry":{"type":"Point","coordinates":[140.69254905,38.03244975]},"properties":{"name":"北白川","name_en":"Kita-Shirakawa","routes":["JR東北本線"]}},{"type":"Feature","geometry":{"type":"Point","coordinates":[140.74041755000002,38.0474733]},"properties":{"name":"大河原","name_en":"Ogawara","routes":["JR東北本線"]}},{"type":"Feature","geometry":{"type":"Point","coordinates":[140.76825075,38.05944445]},"properties":{"name":"船岡","name_en":"Funaoka","routes":["JR東北本線"]}},{"type":"Feature","geometry":{"type":"Point","coordinates":[140.8098295,38.07870505]},"properties":{"name":"槻木","name_en":"Tsukinoki","routes":["JR東北本線"]}},{"type":"Feature","geometry":{"type":"Point","coordinates":[140.9200339,38.276457699999995]},"properties":{"name":"東仙台","name_en":"Higashi-Sendai","routes":["JR東北本線"]}},{"type":"Feature","geometry":{"type":"Point","coordinates":[140.9553134,38.30081605]},"properties":{"name":"岩切","name_en":"Iwakiri","routes":["JR東北本線"]}},{"type":"Feature","geometry":{"type":"Point","coordinates":[140.9792327,38.299513000000005]},"properties":{"name":"陸前山王","name_en":"Rikuzen-Sannō","routes":["JR東北本線"]}},{"type":"Feature","geometry":{"type":"Point","coordinates":[140.9942002,38.3009112]},"properties":{"name":"国府多賀城","name_en":"Kokufu-Tagajo","routes":["JR東北本線"]}},{"type":"Feature","geometry":{"type":"Point","coordinates":[141.0096009,38.309548649999996]},"properties":{"name":"塩釜","name_en":"Shiogama","routes":["JR東北本線"]}},{"type":"Feature","geometry":{"type":"Point","coordinates":[141.0659372,38.379969149999994]},"properties":{"name":"松島","name_en":"Matsushima","routes":["JR東北本線"]}},{"type":"Feature","geometry":{"type":"Point","coordinates":[141.0824628,38.43151675]},"properties":{"name":"品井沼","name_en":"Shinainuma","routes":["JR東北本線"]}},{"type":"Feature","geometry":{"type":"Point","coordinates":[141.098084,38.47465495]},"properties":{"name":"鹿島台","name_en":"Kashimadai","routes":["JR東北本線"]}},{"type":"Feature","geometry":{"type":"Point","coordinates":[141.07535295000002,38.51234275]},"properties":{"name":"松山町","name_en":"Matsuyamamachi","routes":["JR東北本線"]}},{"type":"Feature","geometry":{"type":"Point","coordinates":[141.0643579,38.54110525]},"properties":{"name":"小牛田","name_en":"Kogota","routes":["JR東北本線"]}},{"type":"Feature","geometry":{"type":"Point","coordinates":[141.05909789999998,38.5961705]},"properties":{"name":"田尻","name_en":"Tajiri","routes":["JR東北本線"]}},{"type":"Feature","geometry":{"type":"Point","coordinates":[141.07396519999998,38.655258200000006]},"properties":{"name":"瀬峰","name_en":"Semine","routes":["JR東北本線"]}},{"type":"Feature","geometry":{"type":"Point","coordinates":[141.08544195,38.68171085]},"properties":{"name":"梅ヶ沢","name_en":"Umegasawa","routes":["JR東北本線"]}},{"type":"Feature","geometry":{"type":"Point","coordinates":[141.15913485,38.76867105]},"properties":{"name":"石越","name_en":"Ishikoshi","routes":["JR東北本線"]}},{"type":"Feature","geometry":{"type":"Point","coordinates":[141.17573364999998,38.79704075]},"properties":{"name":"油島","name_en":"Yushima","routes":["JR東北本線"]}},{"type":"Feature","geometry":{"type":"Point","coordinates":[141.18001815,38.8334137]},"properties":{"name":"花泉","name_en":"Hanaizumi","routes":["JR東北本線"]}},{"type":"Feature","geometry":{"type":"Point","coordinates":[141.15680155,38.854762449999996]},"properties":{"name":"清水原","name_en":"Shimizuhara","routes":["JR東北本線"]}},{"type":"Feature","geometry":{"type":"Point","coordinates":[141.12114565,38.867388250000005]},"properties":{"name":"有壁","name_en":"Arikabe","routes":["JR東北本線"]}},{"type":"Feature","geometry":{"type":"Point","coordinates":[141.13201935,38.95124025]},"properties":{"name":"山ノ目","name_en":"Yamanome","routes":["JR東北本線"]}},{"type":"Feature","geometry":{"type":"Point","coordinates":[141.11769495,38.9881111]},"properties":{"name":"平泉","name_en":"Hiraizumi","routes":["JR東北本線"]}},{"type":"Feature","geometry":{"type":"Point","coordinates":[141.12631095,39.048540849999995]},"properties":{"name":"前沢","name_en":"Maesawa","routes":["JR東北本線"]}},{"type":"Feature","geometry":{"type":"Point","coordinates":[141.14097655,39.09413105]},"properties":{"name":"陸中折居","name_en":"Rikuchu-Orii","routes":["JR東北本線"]}},{"type":"Feature","geometry":{"type":"Point","coordinates":[141.14649255,39.13898245]},"properties":{"name":"水沢","name_en":"Mizusawa","routes":["JR東北本線"]}},{"type":"Feature","geometry":{"type":"Point","coordinates":[141.11279055,39.19984325]},"properties":{"name":"金ヶ崎","name_en":"Kanegasaki","routes":["JR東北本線"]}},{"type":"Feature","geometry":{"type":"Point","coordinates":[141.0977931,39.22795255]},"properties":{"name":"六原","name_en":"Rokuhara","routes":["JR東北本線"]}},{"type":"Feature","geometry":{"type":"Point","coordinates":[141.12043549999999,39.32299835]},"properties":{"name":"村崎野","name_en":"Murasakino","routes":["JR東北本線"]}},{"type":"Feature","geometry":{"type":"Point","coordinates":[141.11038335,39.39307975]},"properties":{"name":"花巻","name_en":"Hanamaki","routes":["JR東北本線"]}},{"type":"Feature","geometry":{"type":"Point","coordinates":[141.1275973,39.44268365]},"properties":{"name":"花巻空港","name_en":"Hanamaki Airport","routes":["JR東北本線"]}},{"type":"Feature","geometry":{"type":"Point","coordinates":[141.14693640000002,39.49131395]},"properties":{"name":"石鳥谷","name_en":"Ishidoriya","routes":["JR東北本線"]}},{"type":"Feature","geometry":{"type":"Point","coordinates":[141.16061035,39.538754749999995]},"properties":{"name":"日詰","name_en":"Hizume","routes":["JR東北本線"]}},{"type":"Feature","geometry":{"type":"Point","coordinates":[141.1600377,39.55475225]},"properties":{"name":"紫波中央","name_en":"Shiwa-chuo","routes":["JR東北本線"]}},{"type":"Feature","geometry":{"type":"Point","coordinates":[141.15475475,39.58091815]},"properties":{"name":"古館","name_en":"Furudate","routes":["JR東北本線"]}},{"type":"Feature","geometry":{"type":"Point","coordinates":[141.1481488,39.61327905]},"properties":{"name":"矢幅","name_en":"Yahaba","routes":["JR東北本線"]}},{"type":"Feature","geometry":{"type":"Point","coordinates":[141.14668840000002,39.6537767]},"properties":{"name":"岩手飯岡","name_en":"Iwate-Iioka","routes":["JR東北本線"]}},{"type":"Feature","geometry":{"type":"Point","coordinates":[141.14879810000002,39.68755505]},"properties":{"name":"仙北町","name_en":"Senbokucho","routes":["JR東北本線"]}},{"type":"Feature","geometry":{"type":"Point","coordinates":[139.18850135,35.6174081]},"properties":{"name":"相模湖","name_en":"Sagamiko","routes":["JR中央線"]}},{"type":"Feature","geometry":{"type":"Point","coordinates":[139.15241225,35.615950999999995]},"properties":{"name":"藤野","name_en":"Fujino","routes":["JR中央線"]}},{"type":"Feature","geometry":{"type":"Point","coordinates":[139.1160663,35.61887115]},"properties":{"name":"上野原","name_en":"Uenohara","routes":["JR中央線"]}},{"type":"Feature","geometry":{"type":"Point","coordinates":[139.0734205,35.6141745]},"properties":{"name":"四方津","name_en":"Shiotsu","routes":["JR中央線"]}},{"type":"Feature","geometry":{"type":"Point","coordinates":[139.0376861,35.60601615]},"properties":{"name":"梁川","name_en":"Yanagawa","routes":["JR中央線"]}},{"type":"Feature","geometry":{"type":"Point","coordinates":[139.0031151,35.6081473]},"properties":{"name":"鳥沢","name_en":"Torisawa","routes":["JR中央線"]}},{"type":"Feature","geometry":{"type":"Point","coordinates":[138.96810025000002,35.61276475]},"properties":{"name":"猿橋","name_en":"Saruhashi","routes":["JR中央線"]}},{"type":"Feature","geometry":{"type":"Point","coordinates":[138.8843228,35.59422405]},"properties":{"name":"初狩","name_en":"Hatsukari","routes":["JR中央線"]}},{"type":"Feature","geometry":{"type":"Point","coordinates":[138.8253571,35.603933850000004]},"properties":{"name":"笹子","name_en":"Sasago","routes":["JR中央線"]}},{"type":"Feature","geometry":{"type":"Point","coordinates":[138.78083629999998,35.63960315]},"properties":{"name":"甲斐大和","name_en":"Kai-Yamato","routes":["JR中央線"]}},{"type":"Feature","geometry":{"type":"Point","coordinates":[138.74323,35.672308150000006]},"properties":{"name":"勝沼ぶどう郷","name_en":"Katsunumabudokyo","routes":["JR中央線"]}},{"type":"Feature","geometry":{"type":"Point","coordinates":[138.70278480000002,35.6941818]},"properties":{"name":"東山梨","name_en":"Higashi-Yamanashi","routes":["JR中央線"]}},{"type":"Feature","geometry":{"type":"Point","coordinates":[138.65897305,35.67349675]},"properties":{"name":"春日居町","name_en":"Kasugaicho","routes":["JR中央線"]}},{"type":"Feature","geometry":{"type":"Point","coordinates":[138.5193452,35.6687942]},"properties":{"name":"竜王","name_en":"Ryuo","routes":["JR中央線"]}},{"type":"Feature","geometry":{"type":"Point","coordinates":[138.4875778,35.6878606]},"properties":{"name":"塩崎","name_en":"Shiozaki","routes":["JR中央線"]}},{"type":"Feature","geometry":{"type":"Point","coordinates":[138.4333603,35.737352400000006]},"properties":{"name":"新府","name_en":"Shimpu","routes":["JR中央線"]}},{"type":"Feature","geometry":{"type":"Point","coordinates":[138.41381105,35.75140035]},"properties":{"name":"穴山","name_en":"Anayama","routes":["JR中央線"]}},{"type":"Feature","geometry":{"type":"Point","coordinates":[138.39487885,35.7900986]},"properties":{"name":"日野春","name_en":"Hinoharu","routes":["JR中央線"]}},{"type":"Feature","geometry":{"type":"Point","coordinates":[138.36667319999998,35.82746335]},"properties":{"name":"長坂","name_en":"Nagasaka","routes":["JR中央線"]}},{"type":"Feature","geometry":{"type":"Point","coordinates":[138.27584554999999,35.88472295]},"properties":{"name":"信濃境","name_en":"Shinano-Sakai","routes":["JR中央線"]}},{"type":"Feature","geometry":{"type":"Point","coordinates":[138.2118065,35.93047075]},"properties":{"name":"すずらんの里","name_en":"Suzurannosato","routes":["JR中央線"]}},{"type":"Feature","geometry":{"type":"Point","coordinates":[138.1978087,35.942439050000004]},"properties":{"name":"青柳","name_en":"Aoyagi","routes":["JR中央線"]}},{"type":"Feature","geometry":{"type":"Point","coordinates":[138.5994544,35.65965]},"properties":{"name":"酒折","name_en":"Sakaori","routes":["JR中央線"]}},{"type":"Feature","geometry":{"type":"Point","coordinates":[137.96442795000002,36.230749149999994]},"properties":{"name":"松本","name_en":"Matsumoto","routes":["あずさ"]}},{"type":"Feature","geometry":{"type":"Point","coordinates":[139.4400558,35.7693627]},"properties":{"name":"西武園ゆうえんち","name_en":"Seibuen-yūenchi","routes":["西武山口線"]}},{"type":"Feature","geometry":{"type":"Point","coordinates":[139.7262498,35.6087809]},"properties":{"name":"下神明","name_en":"Shimo-simmei","routes":["東急大井町線"]}},{"type":"Feature","geometry":{"type":"Point","coordinates":[139.7181853,35.6089107]},"properties":{"name":"戸越公園","name_en":"Togoshi-koen","routes":["東急大井町線"]}},{"type":"Feature","geometry":{"type":"Point","coordinates":[139.7077399,35.6038557]},"properties":{"name":"荏原町","name_en":"Ebara-machi","routes":["東急大井町線"]}},{"type":"Feature","geometry":{"type":"Point","coordinates":[139.6928877,35.6065472]},"properties":{"name":"北千束","name_en":"Kita-senzoku","routes":["東急大井町線"]}},{"type":"Feature","geometry":{"type":"Point","coordinates":[139.6790149,35.6065599]},"properties":{"name":"緑が丘","name_en":"Midorigaoka","routes":["東急大井町線"]}},{"type":"Feature","geometry":{"type":"Point","coordinates":[139.6612181,35.6054056]},"properties":{"name":"九品仏","name_en":"Kuhombutsu","routes":["東急大井町線"]}},{"type":"Feature","geometry":{"type":"Point","coordinates":[139.6537506,35.6070357]},"properties":{"name":"尾山台","name_en":"Oyamadai","routes":["東急大井町線"]}},{"type":"Feature","geometry":{"type":"Point","coordinates":[139.6480235,35.608362]},"properties":{"name":"等々力","name_en":"Todoroki","routes":["東急大井町線"]}},{"type":"Feature","geometry":{"type":"Point","coordinates":[139.638886,35.6119862]},"properties":{"name":"上野毛","name_en":"Kaminoge","routes":["東急大井町線"]}},{"type":"Feature","geometry":{"type":"Point","coordinates":[139.70852,35.5642517]},"properties":{"name":"蓮沼","name_en":"Hasunuma","routes":["東急池上線"]}},{"type":"Feature","geometry":{"type":"Point","coordinates":[139.703049,35.5720205]},"properties":{"name":"池上","name_en":"Ikegami","routes":["東急池上線"]}},{"type":"Feature","geometry":{"type":"Point","coordinates":[139.7514772,35.5193928]},"properties":{"name":"千鳥町","name_en":"Chidoricho","routes":["東急池上線"]}},{"type":"Feature","geometry":{"type":"Point","coordinates":[139.6856542,35.5795927]},"properties":{"name":"久が原","name_en":"Kugahara","routes":["東急池上線"]}},{"type":"Feature","geometry":{"type":"Point","coordinates":[139.6824718,35.5852523]},"properties":{"name":"御嶽山","name_en":"Ontakesan","routes":["東急池上線"]}},{"type":"Feature","geometry":{"type":"Point","coordinates":[139.6810408,35.5919901]},"properties":{"name":"雪が谷大塚","name_en":"Yukigaya-otsuka","routes":["東急池上線"]}},{"type":"Feature","geometry":{"type":"Point","coordinates":[139.6854947,35.5971322]},"properties":{"name":"石川台","name_en":"Ishikawa-dai","routes":["東急池上線"]}},{"type":"Feature","geometry":{"type":"Point","coordinates":[139.6913023,35.5997965]},"properties":{"name":"洗足池","name_en":"Senzoku-ike","routes":["東急池上線"]}},{"type":"Feature","geometry":{"type":"Point","coordinates":[139.6979521,35.6022652]},"properties":{"name":"長原","name_en":"Nagahara","routes":["東急池上線"]}},{"type":"Feature","geometry":{"type":"Point","coordinates":[139.7120054,35.6099457]},"properties":{"name":"荏原中延","name_en":"Ebara-nakanobu","routes":["東急池上線"]}},{"type":"Feature","geometry":{"type":"Point","coordinates":[139.7225696,35.6225443]},"properties":{"name":"大崎広小路","name_en":"Osakihirokoji","routes":["東急池上線"]}},{"type":"Feature","geometry":{"type":"Point","coordinates":[139.7150774,35.616206]},"properties":{"name":"戸越銀座","name_en":"Togoshi-ginza","routes":["東急池上線"]}},{"type":"Feature","geometry":{"type":"Point","coordinates":[139.6948922,35.7264476]},"properties":{"name":"椎名町","name_en":"Shiinamachi","routes":["西武鉄道池袋線"]}},{"type":"Feature","geometry":{"type":"Point","coordinates":[139.6828643,35.7302608]},"properties":{"name":"東長崎","name_en":"Higashi-Nagasaki","routes":["西武鉄道池袋線"]}},{"type":"Feature","geometry":{"type":"Point","coordinates":[139.6727894,35.7375689]},"properties":{"name":"江古田","name_en":"Ekoda","routes":["西武鉄道池袋線"]}},{"type":"Feature","geometry":{"type":"Point","coordinates":[139.6623844,35.7387537]},"properties":{"name":"桜台","name_en":"Sakuradai","routes":["西武鉄道池袋線"]}},{"type":"Feature","geometry":{"type":"Point","coordinates":[139.698857,35.6837073]},"properties":{"name":"南新宿","name_en":"Minami-Shinjuku","routes":["小田急電鉄小田原線"]}},{"type":"Feature","geometry":{"type":"Point","coordinates":[139.6936737,35.6787414]},"properties":{"name":"参宮橋","name_en":"Sangubashi","routes":["小田急電鉄小田原線"]}},{"type":"Feature","geometry":{"type":"Point","coordinates":[139.6888398,35.6696211]},"properties":{"name":"代々木八幡","name_en":"Yoyogi-Hachiman","routes":["小田急電鉄小田原線"]}},{"type":"Feature","geometry":{"type":"Point","coordinates":[139.6724982,35.6651291]},"properties":{"name":"東北沢","name_en":"Higashi-Kitazawa","routes":["小田急電鉄小田原線"]}},{"type":"Feature","geometry":{"type":"Point","coordinates":[139.6615307,35.6582913]},"properties":{"name":"世田谷代田","name_en":"Setagaya-Daita","routes":["小田急電鉄小田原線"]}},{"type":"Feature","geometry":{"type":"Point","coordinates":[139.6541274,35.6561754]},"properties":{"name":"梅ヶ丘","name_en":"Umegaoka","routes":["小田急電鉄小田原線"]}},{"type":"Feature","geometry":{"type":"Point","coordinates":[139.6468507,35.6535429]},"properties":{"name":"豪徳寺","name_en":"Gotokuji","routes":["小田急電鉄小田原線"]}},{"type":"Feature","geometry":{"type":"Point","coordinates":[139.636679,35.6512791]},"properties":{"name":"経堂","name_en":"Kyodo","routes":["小田急電鉄小田原線"]}},{"type":"Feature","geometry":{"type":"Point","coordinates":[139.5984426,35.6399444]},"properties":{"name":"成城学園前","name_en":"Seijogakuen-mae","routes":["小田急電鉄小田原線"]}},{"type":"Feature","geometry":{"type":"Point","coordinates":[139.5645472,35.6172082]},"properties":{"name":"向ヶ丘遊園","name_en":"Mukogaoka-Yuen","routes":["小田急電鉄小田原線"]}},{"type":"Feature","geometry":{"type":"Point","coordinates":[139.5419324,35.6149907]},"properties":{"name":"生田","name_en":"Ikuta","routes":["小田急電鉄小田原線"]}},{"type":"Feature","geometry":{"type":"Point","coordinates":[139.5278883,35.6147779]},"properties":{"name":"読売ランド前","name_en":"Yomiuriland-mae","routes":["小田急電鉄小田原線"]}},{"type":"Feature","geometry":{"type":"Point","coordinates":[139.5160744,35.6090225]},"properties":{"name":"百合ヶ丘","name_en":"Yurigaoka","routes":["小田急電鉄小田原線"]}},{"type":"Feature","geometry":{"type":"Point","coordinates":[139.4975838,35.5896107]},"properties":{"name":"柿生","name_en":"Kakio","routes":["小田急電鉄小田原線"]}},{"type":"Feature","geometry":{"type":"Point","coordinates":[139.4816019,35.5831049]},"properties":{"name":"鶴川","name_en":"Tsurukawa","routes":["小田急電鉄小田原線"]}},{"type":"Feature","geometry":{"type":"Point","coordinates":[139.4635266,35.5636494]},"properties":{"name":"玉川学園前","name_en":"Tamagawagakuen-mae","routes":["小田急電鉄小田原線"]}},{"type":"Feature","geometry":{"type":"Point","coordinates":[139.422646,35.5151962]},"properties":{"name":"小田急相模原","name_en":"Odakyu-Sagamihara","routes":["小田急電鉄小田原線"]}},{"type":"Feature","geometry":{"type":"Point","coordinates":[139.4084707,35.4991453]},"properties":{"name":"相武台前","name_en":"Soubudai-Mae","routes":["小田急電鉄小田原線"]}},{"type":"Feature","geometry":{"type":"Point","coordinates":[139.3999256,35.4807147]},"properties":{"name":"座間","name_en":"Zama","routes":["小田急電鉄小田原線"]}},{"type":"Feature","geometry":{"type":"Point","coordinates":[139.3439291,35.4176172]},"properties":{"name":"愛甲石田","name_en":"Aiko-Ishida","routes":["小田急電鉄小田原線"]}},{"type":"Feature","geometry":{"type":"Point","coordinates":[139.3135001,35.3959932]},"properties":{"name":"伊勢原","name_en":"Isehara","routes":["小田急電鉄小田原線"]}},{"type":"Feature","geometry":{"type":"Point","coordinates":[139.277533,35.3808042]},"properties":{"name":"鶴巻温泉","name_en":"Tsurumaki-Onsen","routes":["小田急電鉄小田原線"]}},{"type":"Feature","geometry":{"type":"Point","coordinates":[139.2712335,35.37318]},"properties":{"name":"東海大学前","name_en":"Tokaidaigaku-mae","routes":["小田急電鉄小田原線"]}},{"type":"Feature","geometry":{"type":"Point","coordinates":[139.1847174,35.3741273]},"properties":{"name":"渋沢","name_en":"Shibusawa","routes":["小田急電鉄小田原線"]}},{"type":"Feature","geometry":{"type":"Point","coordinates":[139.13958595000003,35.34472585]},"properties":{"name":"新松田","name_en":"Shin-Matsuda","routes":["小田急電鉄小田原線"]}},{"type":"Feature","geometry":{"type":"Point","coordinates":[139.1359048,35.326285049999996]},"properties":{"name":"開成","name_en":"Kaisei","routes":["小田急電鉄小田原線"]}},{"type":"Feature","geometry":{"type":"Point","coordinates":[139.1424938,35.31093405]},"properties":{"name":"栢山","name_en":"Kayama","routes":["小田急電鉄小田原線"]}},{"type":"Feature","geometry":{"type":"Point","coordinates":[139.14529925,35.296303300000005]},"properties":{"name":"富水","name_en":"Tomizu","routes":["小田急電鉄小田原線"]}},{"type":"Feature","geometry":{"type":"Point","coordinates":[139.15206165,35.28500315]},"properties":{"name":"螢田","name_en":"Hotaruda","routes":["小田急電鉄小田原線"]}},{"type":"Feature","geometry":{"type":"Point","coordinates":[139.15445104999998,35.27193825]},"properties":{"name":"足柄","name_en":"Ashigara","routes":["小田急電鉄小田原線"]}},{"type":"Feature","geometry":{"type":"Point","coordinates":[139.6248125,35.917609]},"properties":{"name":"北大宮","name_en":"Kita-Omiya","routes":["東武アーバンパークライン"]}},{"type":"Feature","geometry":{"type":"Point","coordinates":[139.6329484,35.9238247]},"properties":{"name":"大宮公園","name_en":"Omiya Park","routes":["東武アーバンパークライン"]}},{"type":"Feature","geometry":{"type":"Point","coordinates":[139.6506137,35.9292717]},"properties":{"name":"大和田","name_en":"Ōwada","routes":["東武アーバンパークライン"]}},{"type":"Feature","geometry":{"type":"Point","coordinates":[139.6658159,35.9363894]},"properties":{"name":"七里","name_en":"Nanasato","routes":["東武アーバンパークライン"]}},{"type":"Feature","geometry":{"type":"Point","coordinates":[139.69300520000002,35.9502009]},"properties":{"name":"岩槻","name_en":"Iwatsuki","routes":["東武アーバンパークライン"]}},{"type":"Feature","geometry":{"type":"Point","coordinates":[139.71224775000002,35.963286]},"properties":{"name":"東岩槻","name_en":"Higashi-Iwatsuki","routes":["東武アーバンパークライン"]}},{"type":"Feature","geometry":{"type":"Point","coordinates":[139.72625215,35.96803615]},"properties":{"name":"豊春","name_en":"Toyoharu","routes":["東武アーバンパークライン"]}},{"type":"Feature","geometry":{"type":"Point","coordinates":[139.7422129,35.97851523333333]},"properties":{"name":"八木崎","name_en":"","routes":["東武アーバンパークライン"]}},{"type":"Feature","geometry":{"type":"Point","coordinates":[139.77803655,35.98027005]},"properties":{"name":"藤の牛島","name_en":"Fujino-Ushijima","routes":["東武アーバンパークライン"]}},{"type":"Feature","geometry":{"type":"Point","coordinates":[139.8079093,35.9804486]},"properties":{"name":"南桜井","name_en":"Minami-Sakurai","routes":["東武アーバンパークライン"]}},{"type":"Feature","geometry":{"type":"Point","coordinates":[139.83399075,35.97917475]},"properties":{"name":"川間","name_en":"Kawama","routes":["東武アーバンパークライン"]}},{"type":"Feature","geometry":{"type":"Point","coordinates":[139.85295200000002,35.9706059]},"properties":{"name":"七光台","name_en":"Nanakōdai","routes":["東武アーバンパークライン"]}},{"type":"Feature","geometry":{"type":"Point","coordinates":[139.8706476,35.9435663]},"properties":{"name":"野田市","name_en":"Nodashi","routes":["東武アーバンパークライン"]}},{"type":"Feature","geometry":{"type":"Point","coordinates":[139.891223,35.9313573]},"properties":{"name":"梅郷","name_en":"Umesato","routes":["東武アーバンパークライン"]}},{"type":"Feature","geometry":{"type":"Point","coordinates":[139.9060619,35.9140176]},"properties":{"name":"運河","name_en":"Unga","routes":["東武アーバンパークライン"]}},{"type":"Feature","geometry":{"type":"Point","coordinates":[139.9103806,35.8974601]},"properties":{"name":"江戸川台","name_en":"Edogawadai","routes":["東武アーバンパークライン"]}},{"type":"Feature","geometry":{"type":"Point","coordinates":[139.9177079,35.8841332]},"properties":{"name":"初石","name_en":"Hatsuishi","routes":["東武アーバンパークライン"]}},{"type":"Feature","geometry":{"type":"Point","coordinates":[139.939339,35.8665096]},"properties":{"name":"豊四季","name_en":"Toyoshiki","routes":["東武アーバンパークライン"]}},{"type":"Feature","geometry":{"type":"Point","coordinates":[139.86010370000002,35.9591049]},"properties":{"name":"清水公園","name_en":"Shimizu-Kōen","routes":["東武アーバンパークライン"]}},{"type":"Feature","geometry":{"type":"Point","coordinates":[139.4748737,35.3307774]},"properties":{"name":"本鵠沼","name_en":"Hon-Kugenuma","routes":["小田急江ノ島線"]}},{"type":"Feature","geometry":{"type":"Point","coordinates":[139.4712735,35.3207079]},"properties":{"name":"鵠沼海岸","name_en":"Kugenuma-Kaigan","routes":["小田急江ノ島線"]}},{"type":"Feature","geometry":{"type":"Point","coordinates":[139.439057,35.5202139]},"properties":{"name":"東林間","name_en":"Higashi-Rinkan","routes":["小田急江ノ島線"]}},{"type":"Feature","geometry":{"type":"Point","coordinates":[139.4479687,35.495726]},"properties":{"name":"南林間","name_en":"Minami-Rinkan","routes":["小田急江ノ島線"]}},{"type":"Feature","geometry":{"type":"Point","coordinates":[139.4508296,35.4902303]},"properties":{"name":"鶴間","name_en":"Tsuruma","routes":["小田急江ノ島線"]}},{"type":"Feature","geometry":{"type":"Point","coordinates":[139.4657711,35.4505637]},"properties":{"name":"桜ヶ丘","name_en":"Sakuragaoka","routes":["小田急江ノ島線"]}},{"type":"Feature","geometry":{"type":"Point","coordinates":[139.4646902,35.4319521]},"properties":{"name":"高座渋谷","name_en":"Koza-Shibuya","routes":["小田急江ノ島線"]}},{"type":"Feature","geometry":{"type":"Point","coordinates":[139.4654292,35.4125457]},"properties":{"name":"長後","name_en":"Chogo","routes":["小田急江ノ島線"]}},{"type":"Feature","geometry":{"type":"Point","coordinates":[139.4708312,35.3835313]},"properties":{"name":"六会日大前","name_en":"Mutsuai-Nichidaimae","routes":["小田急江ノ島線"]}},{"type":"Feature","geometry":{"type":"Point","coordinates":[139.4732359,35.3627185]},"properties":{"name":"善行","name_en":"Zengyo","routes":["小田急江ノ島線"]}},{"type":"Feature","geometry":{"type":"Point","coordinates":[139.4760904,35.3479854]},"properties":{"name":"藤沢本町","name_en":"Fujisawa-Hommachi","routes":["小田急江ノ島線"]}},{"type":"Feature","geometry":{"type":"Point","coordinates":[139.6954383,35.7157663]},"properties":{"name":"下落合","name_en":"Shimo-Ochiai","routes":["西武新宿線"]}},{"type":"Feature","geometry":{"type":"Point","coordinates":[139.672568,35.7157294]},"properties":{"name":"新井薬師前","name_en":"Araiyakushi-mae","routes":["西武新宿線"]}},{"type":"Feature","geometry":{"type":"Point","coordinates":[139.6646063,35.7192687]},"properties":{"name":"沼袋","name_en":"Numabukuro","routes":["西武新宿線"]}},{"type":"Feature","geometry":{"type":"Point","coordinates":[139.6531263,35.7196957]},"properties":{"name":"野方","name_en":"Nogata","routes":["西武新宿線"]}},{"type":"Feature","geometry":{"type":"Point","coordinates":[139.6446653,35.7224188]},"properties":{"name":"都立家政","name_en":"Toritsu-Kasei","routes":["西武新宿線"]}},{"type":"Feature","geometry":{"type":"Point","coordinates":[139.639543,35.7226521]},"properties":{"name":"鷺ノ宮","name_en":"Saginomiya","routes":["西武新宿線"]}},{"type":"Feature","geometry":{"type":"Point","coordinates":[139.6253354,35.7238306]},"properties":{"name":"下井草","name_en":"Shimo-Igusa","routes":["西武新宿線"]}},{"type":"Feature","geometry":{"type":"Point","coordinates":[139.6152362,35.7246904]},"properties":{"name":"井荻","name_en":"Iogi","routes":["西武新宿線"]}},{"type":"Feature","geometry":{"type":"Point","coordinates":[139.6030669,35.7252616]},"properties":{"name":"上井草","name_en":"Kami-Igusa","routes":["西武新宿線"]}},{"type":"Feature","geometry":{"type":"Point","coordinates":[139.5925257,35.7261749]},"properties":{"name":"上石神井","name_en":"Kami-Shakujii","routes":["西武新宿線"]}},{"type":"Feature","geometry":{"type":"Point","coordinates":[139.576787,35.7276304]},"properties":{"name":"武蔵関","name_en":"Musashi-Seki","routes":["西武新宿線"]}},{"type":"Feature","geometry":{"type":"Point","coordinates":[139.5642364,35.7287024]},"properties":{"name":"東伏見","name_en":"Higashi-Fushimi","routes":["西武新宿線"]}},{"type":"Feature","geometry":{"type":"Point","coordinates":[139.5525914,35.7286376]},"properties":{"name":"西武柳沢","name_en":"Seibu-Yagisawa","routes":["西武新宿線"]}},{"type":"Feature","geometry":{"type":"Point","coordinates":[139.5394387,35.7273146]},"properties":{"name":"田無","name_en":"Tanashi","routes":["西武新宿線"]}},{"type":"Feature","geometry":{"type":"Point","coordinates":[139.5132235,35.7261822]},"properties":{"name":"花小金井","name_en":"Hana-Koganei","routes":["西武新宿線"]}},{"type":"Feature","geometry":{"type":"Point","coordinates":[139.4725702,35.7496668]},"properties":{"name":"久米川","name_en":"Kumegawa","routes":["西武新宿線"]}},{"type":"Feature","geometry":{"type":"Point","coordinates":[139.4656794,35.7983033]},"properties":{"name":"航空公園","name_en":"Koku-koen","routes":["西武新宿線"]}},{"type":"Feature","geometry":{"type":"Point","coordinates":[139.4561526,35.8066745]},"properties":{"name":"新所沢","name_en":"Shin-Tokorozawa","routes":["西武新宿線"]}},{"type":"Feature","geometry":{"type":"Point","coordinates":[139.4270696,35.8325034]},"properties":{"name":"入曽","name_en":"Iriso","routes":["西武新宿線"]}},{"type":"Feature","geometry":{"type":"Point","coordinates":[139.4334594,35.8739552]},"properties":{"name":"新狭山","name_en":"Shin-Sayama","routes":["西武新宿線"]}},{"type":"Feature","geometry":{"type":"Point","coordinates":[139.454295,35.8898272]},"properties":{"name":"南大塚","name_en":"Minami-Otsuka","routes":["西武新宿線"]}},{"type":"Feature","geometry":{"type":"Point","coordinates":[136.68572665,35.31577375]},"properties":{"name":"岐阜羽島","name_en":"Gifu-Hashima","routes":["こだま"]}},{"type":"Feature","geometry":{"type":"Point","coordinates":[138.66345785,35.14213015]},"properties":{"name":"新富士","name_en":"Shin-Fuji","routes":["こだま"]}},{"type":"Feature","geometry":{"type":"Point","coordinates":[130.42114120000002,33.5897862]},"properties":{"name":"博多","name_en":"Hakata","routes":["のぞみ"]}},{"type":"Feature","geometry":{"type":"Point","coordinates":[130.8833722,33.887243]},"properties":{"name":"小倉","name_en":"Kokura","routes":["のぞみ"]}},{"type":"Feature","geometry":{"type":"Point","coordinates":[132.47561009999998,34.39834845]},"properties":{"name":"広島","name_en":"Hiroshima","routes":["のぞみ"]}},{"type":"Feature","geometry":{"type":"Point","coordinates":[133.36206375,34.48930825]},"properties":{"name":"福山","name_en":"Fukuyama","routes":["のぞみ"]}},{"type":"Feature","geometry":{"type":"Point","coordinates":[133.91779945000002,34.66537435]},"properties":{"name":"岡山","name_en":"Okayama","routes":["のぞみ"]}},{"type":"Feature","geometry":{"type":"Point","coordinates":[135.19553589999998,34.7064469]},"properties":{"name":"新神戸","name_en":"Shin-Kobe","routes":["のぞみ"]}},{"type":"Feature","geometry":{"type":"Point","coordinates":[138.84927515,36.3625799]},"properties":{"name":"安中榛名","name_en":"Annaka-Haruna","routes":["あさま"]}},{"type":"Feature","geometry":{"type":"Point","coordinates":[138.63486465,36.342560750000004]},"properties":{"name":"軽井沢","name_en":"Karuizawa","routes":["あさま"]}},{"type":"Feature","geometry":{"type":"Point","coordinates":[138.4642735,36.2780583]},"properties":{"name":"佐久平","name_en":"Sakudaira","routes":["あさま"]}},{"type":"Feature","geometry":{"type":"Point","coordinates":[138.24966999999998,36.396511700000005]},"properties":{"name":"上田","name_en":"Ueda","routes":["あさま"]}},{"type":"Feature","geometry":{"type":"Point","coordinates":[139.8478007,35.7666652]},"properties":{"name":"亀有","name_en":"Kameari","routes":["JR常磐緩行線"]}},{"type":"Feature","geometry":{"type":"Point","coordinates":[139.8706926,35.7695843]},"properties":{"name":"金町","name_en":"Kanamachi","routes":["JR常磐緩行線"]}},{"type":"Feature","geometry":{"type":"Point","coordinates":[139.9117339,35.8006101]},"properties":{"name":"北松戸","name_en":"Kita-Matsudo","routes":["JR常磐緩行線"]}},{"type":"Feature","geometry":{"type":"Point","coordinates":[139.9312051,35.8334292]},"properties":{"name":"北小金","name_en":"Kita-Kogane","routes":["JR常磐緩行線"]}},{"type":"Feature","geometry":{"type":"Point","coordinates":[139.9542125,35.8446196]},"properties":{"name":"南柏","name_en":"Minami-Kashiwa","routes":["JR常磐緩行線"]}},{"type":"Feature","geometry":{"type":"Point","coordinates":[139.9880138,35.87565]},"properties":{"name":"北柏","name_en":"Kita-Kashiwa","routes":["JR常磐緩行線"]}},{"type":"Feature","geometry":{"type":"Point","coordinates":[139.2002463,36.1171076]},"properties":{"name":"玉淀","name_en":"Tamayodo","routes":["東武東上線"]}},{"type":"Feature","geometry":{"type":"Point","coordinates":[139.20901035,36.11386175]},"properties":{"name":"鉢形","name_en":"Hachigata","routes":["東武東上線"]}},{"type":"Feature","geometry":{"type":"Point","coordinates":[139.2341814,36.107488599999996]},"properties":{"name":"男衾","name_en":"Obusuma","routes":["東武東上線"]}},{"type":"Feature","geometry":{"type":"Point","coordinates":[139.2364779,36.0913103]},"properties":{"name":"みなみ寄居","name_en":"Minami-Yorii","routes":["東武東上線"]}},{"type":"Feature","geometry":{"type":"Point","coordinates":[139.23753764999998,36.075570799999994]},"properties":{"name":"東武竹沢","name_en":"Tōbu-Takezawa","routes":["東武東上線"]}},{"type":"Feature","geometry":{"type":"Point","coordinates":[139.39768935,36.00269135]},"properties":{"name":"高坂","name_en":"Takasaka","routes":["東武東上線"]}},{"type":"Feature","geometry":{"type":"Point","coordinates":[139.39691365,35.972140350000004]},"properties":{"name":"北坂戸","name_en":"Kita-sakado","routes":["東武東上線"]}},{"type":"Feature","geometry":{"type":"Point","coordinates":[139.408806,35.9491238]},"properties":{"name":"若葉","name_en":"Wakaba","routes":["東武東上線"]}},{"type":"Feature","geometry":{"type":"Point","coordinates":[139.4236708,35.9369427]},"properties":{"name":"鶴ヶ島","name_en":"Tsurugashima","routes":["東武東上線"]}},{"type":"Feature","geometry":{"type":"Point","coordinates":[139.443197,35.9256142]},"properties":{"name":"霞ヶ関","name_en":"Kasumigaseki","routes":["東武東上線"]}},{"type":"Feature","geometry":{"type":"Point","coordinates":[139.4968378,35.8913759]},"properties":{"name":"新河岸","name_en":"Shingashi","routes":["東武東上線"]}},{"type":"Feature","geometry":{"type":"Point","coordinates":[139.5118041,35.8739006]},"properties":{"name":"上福岡","name_en":"Kami-fukuoka","routes":["東武東上線"]}},{"type":"Feature","geometry":{"type":"Point","coordinates":[139.5394111,35.8457565]},"properties":{"name":"鶴瀬","name_en":"Tsuruse","routes":["東武東上線"]}},{"type":"Feature","geometry":{"type":"Point","coordinates":[139.5508611,35.8382203]},"properties":{"name":"みずほ台","name_en":"Mizuhodai","routes":["東武東上線"]}},{"type":"Feature","geometry":{"type":"Point","coordinates":[139.5621036,35.8307998]},"properties":{"name":"柳瀬川","name_en":"Yanasegawa","routes":["東武東上線"]}},{"type":"Feature","geometry":{"type":"Point","coordinates":[139.5751727,35.8222228]},"properties":{"name":"志木","name_en":"Shiki","routes":["東武東上線"]}},{"type":"Feature","geometry":{"type":"Point","coordinates":[139.5868762,35.8146571]},"properties":{"name":"朝霞台","name_en":"Asakadai","routes":["東武東上線"]}},{"type":"Feature","geometry":{"type":"Point","coordinates":[139.6002238,35.79703]},"properties":{"name":"朝霞","name_en":"Asaka","routes":["東武東上線"]}},{"type":"Feature","geometry":{"type":"Point","coordinates":[139.632934,35.7775924]},"properties":{"name":"成増","name_en":"Narimasu","routes":["東武東上線"]}},{"type":"Feature","geometry":{"type":"Point","coordinates":[139.6445735,35.7705809]},"properties":{"name":"下赤塚","name_en":"Shimo-akatsuka","routes":["東武東上線"]}},{"type":"Feature","geometry":{"type":"Point","coordinates":[139.6625765,35.7686483]},"properties":{"name":"東武練馬","name_en":"Tobu-nerima","routes":["東武東上線"]}},{"type":"Feature","geometry":{"type":"Point","coordinates":[139.6765427,35.763474]},"properties":{"name":"上板橋","name_en":"Kami-itabashi","routes":["東武東上線"]}},{"type":"Feature","geometry":{"type":"Point","coordinates":[139.6885362,35.7589153]},"properties":{"name":"ときわ台","name_en":"Tokiwadai","routes":["東武東上線"]}},{"type":"Feature","geometry":{"type":"Point","coordinates":[139.6941829,35.7564001]},"properties":{"name":"中板橋","name_en":"Naka-itabashi","routes":["東武東上線"]}},{"type":"Feature","geometry":{"type":"Point","coordinates":[139.7024348,35.7486238]},"properties":{"name":"大山","name_en":"Oyama","routes":["東武東上線"]}},{"type":"Feature","geometry":{"type":"Point","coordinates":[139.7154787,35.7452488]},"properties":{"name":"下板橋","name_en":"Shimo-itabashi","routes":["東武東上線"]}},{"type":"Feature","geometry":{"type":"Point","coordinates":[139.7168198,35.7409856]},"properties":{"name":"北池袋","name_en":"Kita-ikebukuro","routes":["東武東上線"]}},{"type":"Feature","geometry":{"type":"Point","coordinates":[139.5737269,35.6275123]},"properties":{"name":"和泉多摩川","name_en":"Izumi-Tamagawa","routes":["小田急電鉄小田原線"]}},{"type":"Feature","geometry":{"type":"Point","coordinates":[139.5868713,35.6365293]},"properties":{"name":"喜多見","name_en":"Kitami","routes":["小田急電鉄小田原線"]}},{"type":"Feature","geometry":{"type":"Point","coordinates":[139.6862442,35.6811565]},"properties":{"name":"初台","name_en":"Hatsudai","routes":["京王新線"]}},{"type":"Feature","geometry":{"type":"Point","coordinates":[139.6768293,35.6772317]},"properties":{"name":"幡ヶ谷","name_en":"Hatagaya","routes":["京王新線"]}},{"type":"Feature","geometry":{"type":"Point","coordinates":[139.5503004,35.3674374]},"properties":{"name":"本郷台","name_en":"Hongodai","routes":["JR根岸線"]}},{"type":"Feature","geometry":{"type":"Point","coordinates":[139.5766957,35.3752947]},"properties":{"name":"港南台","name_en":"Konandai","routes":["JR根岸線"]}},{"type":"Feature","geometry":{"type":"Point","coordinates":[139.5964654,35.3786975]},"properties":{"name":"洋光台","name_en":"Yokodai","routes":["JR根岸線"]}},{"type":"Feature","geometry":{"type":"Point","coordinates":[139.6181583,35.4001372]},"properties":{"name":"磯子","name_en":"Isogo","routes":["JR根岸線"]}},{"type":"Feature","geometry":{"type":"Point","coordinates":[139.6350502,35.4156572]},"properties":{"name":"根岸","name_en":"Negishi","routes":["JR根岸線"]}},{"type":"Feature","geometry":{"type":"Point","coordinates":[139.6462837,35.4272033]},"properties":{"name":"山手","name_en":"Yamate","routes":["JR根岸線"]}},{"type":"Feature","geometry":{"type":"Point","coordinates":[139.6427467,35.4392259]},"properties":{"name":"石川町","name_en":"Ishikawacho","routes":["JR根岸線"]}},{"type":"Feature","geometry":{"type":"Point","coordinates":[139.6260199,35.8812024]},"properties":{"name":"与野本町","name_en":"Yono-Hommachi","routes":["JR埼京線"]}},{"type":"Feature","geometry":{"type":"Point","coordinates":[139.6377223,35.8535248]},"properties":{"name":"中浦和","name_en":"Naka-Urawa","routes":["JR埼京線"]}},{"type":"Feature","geometry":{"type":"Point","coordinates":[139.6601108,35.8276529]},"properties":{"name":"北戸田","name_en":"Kita-Toda","routes":["JR埼京線"]}},{"type":"Feature","geometry":{"type":"Point","coordinates":[139.6695966,35.8176989]},"properties":{"name":"戸田","name_en":"Toda","routes":["JR埼京線"]}},{"type":"Feature","geometry":{"type":"Point","coordinates":[139.6781947,35.8079089]},"properties":{"name":"戸田公園","name_en":"Todakoen","routes":["JR埼京線"]}},{"type":"Feature","geometry":{"type":"Point","coordinates":[139.6915101,35.7911796]},"properties":{"name":"浮間舟渡","name_en":"Ukimafunado","routes":["JR埼京線"]}},{"type":"Feature","geometry":{"type":"Point","coordinates":[139.7060288,35.7867812]},"properties":{"name":"北赤羽","name_en":"Kita-Akabane","routes":["JR埼京線"]}},{"type":"Feature","geometry":{"type":"Point","coordinates":[139.7223074,35.7600083]},"properties":{"name":"十条","name_en":"Jūjō","routes":["JR埼京線"]}},{"type":"Feature","geometry":{"type":"Point","coordinates":[139.7194366,35.7452718]},"properties":{"name":"板橋","name_en":"Itabashi","routes":["JR埼京線"]}},{"type":"Feature","geometry":{"type":"Point","coordinates":[139.6285051,35.8904977]},"properties":{"name":"北与野","name_en":"Kita-Yono","routes":["JR埼京線"]}},{"type":"Feature","geometry":{"type":"Point","coordinates":[139.3093861,35.952047]},"properties":{"name":"武州唐沢","name_en":"Bushu-Karasawa","routes":["東武越生線"]}},{"type":"Feature","geometry":{"type":"Point","coordinates":[139.3154227,35.9468371]},"properties":{"name":"東毛呂","name_en":"Higashi-moro","routes":["東武越生線"]}},{"type":"Feature","geometry":{"type":"Point","coordinates":[139.326014,35.9419222]},"properties":{"name":"武州長瀬","name_en":"Bushu-nagase","routes":["東武越生線"]}},{"type":"Feature","geometry":{"type":"Point","coordinates":[139.3468489,35.9374897]},"properties":{"name":"川角","name_en":"Kawakado","routes":["東武越生線"]}},{"type":"Feature","geometry":{"type":"Point","coordinates":[139.3562818,35.9316608]},"properties":{"name":"西大家","name_en":"Nishi-Oya","routes":["東武越生線"]}},{"type":"Feature","geometry":{"type":"Point","coordinates":[139.3702902,35.9403713]},"properties":{"name":"一本松","name_en":"Ippommatsu","routes":["東武越生線"]}},{"type":"Feature","geometry":{"type":"Point","coordinates":[139.4037336,35.6486656]},"properties":{"name":"多摩動物公園","name_en":"Tama-dobutsukoen","routes":["京王電鉄動物園線"]}},{"type":"Feature","geometry":{"type":"Point","coordinates":[139.6587527,35.6709596]},"properties":{"name":"代田橋","name_en":"Daitabashi","routes":["京王線"]}},{"type":"Feature","geometry":{"type":"Point","coordinates":[139.6420504,35.6660765]},"properties":{"name":"下高井","name_en":"Shimo-takaido","routes":["京王線"]}},{"type":"Feature","geometry":{"type":"Point","coordinates":[139.6320107,35.6675627]},"properties":{"name":"桜上水","name_en":"Sakurajosui","routes":["京王線"]}},{"type":"Feature","geometry":{"type":"Point","coordinates":[139.6232912,35.6688535]},"properties":{"name":"上北沢","name_en":"Kami-kitazawa","routes":["京王線"]}},{"type":"Feature","geometry":{"type":"Point","coordinates":[139.6157094,35.6698828]},"properties":{"name":"八幡山","name_en":"Hachimanyama","routes":["京王線"]}},{"type":"Feature","geometry":{"type":"Point","coordinates":[139.6083951,35.6705822]},"properties":{"name":"芦花公園","name_en":"Roka-koen","routes":["京王線"]}},{"type":"Feature","geometry":{"type":"Point","coordinates":[139.6008523,35.6680037]},"properties":{"name":"千歳烏山","name_en":"Chitose-karasuyama","routes":["京王線"]}},{"type":"Feature","geometry":{"type":"Point","coordinates":[139.5850157,35.6623454]},"properties":{"name":"仙川","name_en":"Sengawa","routes":["京王線"]}},{"type":"Feature","geometry":{"type":"Point","coordinates":[139.5752432,35.6580672]},"properties":{"name":"つつじヶ丘","name_en":"Tsutsujigaoka","routes":["京王線"]}},{"type":"Feature","geometry":{"type":"Point","coordinates":[139.5670439,35.6542424]},"properties":{"name":"柴崎","name_en":"Shibasaki","routes":["京王線"]}},{"type":"Feature","geometry":{"type":"Point","coordinates":[139.558541,35.6502158]},"properties":{"name":"国領","name_en":"Kokuryo","routes":["京王線"]}},{"type":"Feature","geometry":{"type":"Point","coordinates":[139.5517595,35.6498661]},"properties":{"name":"布田","name_en":"Fuda","routes":["京王線"]}},{"type":"Feature","geometry":{"type":"Point","coordinates":[139.530194,35.6570625]},"properties":{"name":"西調布","name_en":"Nishi-chofu","routes":["京王線"]}},{"type":"Feature","geometry":{"type":"Point","coordinates":[139.5232293,35.660248]},"properties":{"name":"飛田給","name_en":"Tobitakyu (Ajinomoto Stadium)","routes":["京王線"]}},{"type":"Feature","geometry":{"type":"Point","coordinates":[139.5109606,35.6642284]},"properties":{"name":"武蔵野台","name_en":"Musashinodai","routes":["京王線"]}},{"type":"Feature","geometry":{"type":"Point","coordinates":[139.5030177,35.6661125]},"properties":{"name":"多磨霊園","name_en":"Tama-reien","routes":["京王線"]}},{"type":"Feature","geometry":{"type":"Point","coordinates":[139.4800091,35.672219]},"properties":{"name":"府中","name_en":"Fuchu","routes":["京王線"]}},{"type":"Feature","geometry":{"type":"Point","coordinates":[139.4579544,35.6596099]},"properties":{"name":"中河原","name_en":"Nakagawara","routes":["京王線"]}},{"type":"Feature","geometry":{"type":"Point","coordinates":[139.4470446,35.6508541]},"properties":{"name":"聖蹟桜ヶ丘","name_en":"Seiseki-sakuragaoka","routes":["京王線"]}},{"type":"Feature","geometry":{"type":"Point","coordinates":[139.4309108,35.657526]},"properties":{"name":"百草園","name_en":"Mogusaen","routes":["京王線"]}},{"type":"Feature","geometry":{"type":"Point","coordinates":[139.3919562,35.6546404]},"properties":{"name":"南平","name_en":"Minamidaira","routes":["京王線"]}},{"type":"Feature","geometry":{"type":"Point","coordinates":[139.3803307,35.647517]},"properties":{"name":"平山城址公園","name_en":"Hirayamajoshi-koen","routes":["京王線"]}},{"type":"Feature","geometry":{"type":"Point","coordinates":[139.3659307,35.6427981]},"properties":{"name":"長沼","name_en":"Naganuma","routes":["京王線"]}},{"type":"Feature","geometry":{"type":"Point","coordinates":[139.3430194,35.6579228]},"properties":{"name":"京王八王子","name_en":"Keio-Hachioji","routes":["京王線"]}},{"type":"Feature","geometry":{"type":"Point","coordinates":[139.3671223,35.6020524]},"properties":{"name":"多摩境","name_en":"Tamasakai","routes":["京王電鉄相模原線"]}},{"type":"Feature","geometry":{"type":"Point","coordinates":[139.3799374,35.6141445]},"properties":{"name":"南大沢","name_en":"Minami-osawa","routes":["京王電鉄相模原線"]}},{"type":"Feature","geometry":{"type":"Point","coordinates":[139.4003398,35.6244777]},"properties":{"name":"京王堀之内","name_en":"Keio-horinouchi","routes":["京王電鉄相模原線"]}},{"type":"Feature","geometry":{"type":"Point","coordinates":[139.424397,35.6253226]},"properties":{"name":"京王多摩センター","name_en":"Keio-tama-center","routes":["京王電鉄相模原線"]}},{"type":"Feature","geometry":{"type":"Point","coordinates":[139.4483564,35.6302581]},"properties":{"name":"京王永山","name_en":"Keio-Nagayama","routes":["京王電鉄相模原線"]}},{"type":"Feature","geometry":{"type":"Point","coordinates":[139.4726652,35.6193445]},"properties":{"name":"若葉台","name_en":"Wakabadai","routes":["京王電鉄相模原線"]}},{"type":"Feature","geometry":{"type":"Point","coordinates":[139.500445,35.6362354]},"properties":{"name":"稲城","name_en":"Inagi","routes":["京王電鉄相模原線"]}},{"type":"Feature","geometry":{"type":"Point","coordinates":[139.5168349,35.6329471]},"properties":{"name":"京王よみうりランド","name_en":"Keiō-Yomiuri-Land","routes":["京王電鉄相模原線"]}},{"type":"Feature","geometry":{"type":"Point","coordinates":[139.5309503,35.6337429]},"properties":{"name":"京王稲田堤","name_en":"Keio-inadazutsumi","routes":["京王電鉄相模原線"]}},{"type":"Feature","geometry":{"type":"Point","coordinates":[139.5369116,35.6447764]},"properties":{"name":"京王多摩川","name_en":"Keio-tamagawa","routes":["京王電鉄相模原線"]}},{"type":"Feature","geometry":{"type":"Point","coordinates":[139.9162363,35.7896751]},"properties":{"name":"上本郷","name_en":"Kamihongo","routes":["京成松戸線"]}},{"type":"Feature","geometry":{"type":"Point","coordinates":[139.9226166,35.7906265]},"properties":{"name":"松戸新田","name_en":"Matsudo-Shinden","routes":["京成松戸線"]}},{"type":"Feature","geometry":{"type":"Point","coordinates":[139.9292041,35.7892922]},"properties":{"name":"みのり台","name_en":"Minoridai","routes":["京成松戸線"]}},{"type":"Feature","geometry":{"type":"Point","coordinates":[139.937639,35.7915908]},"properties":{"name":"八柱","name_en":"Yabashira","routes":["京成松戸線"]}},{"type":"Feature","geometry":{"type":"Point","coordinates":[139.9501113,35.8033631]},"properties":{"name":"常盤平","name_en":"Tokiwadaira","routes":["京成松戸線"]}},{"type":"Feature","geometry":{"type":"Point","coordinates":[139.9659283,35.7969782]},"properties":{"name":"五香","name_en":"Goko","routes":["京成松戸線"]}},{"type":"Feature","geometry":{"type":"Point","coordinates":[139.9758291,35.7902188]},"properties":{"name":"元山","name_en":"Motoyama","routes":["京成松戸線"]}},{"type":"Feature","geometry":{"type":"Point","coordinates":[139.9757175,35.7822925]},"properties":{"name":"くぬぎ山","name_en":"Kunugiyama","routes":["京成松戸線"]}},{"type":"Feature","geometry":{"type":"Point","coordinates":[139.9918248,35.7772205]},"properties":{"name":"北初富","name_en":"Kita-hatsutomi","routes":["京成松戸線"]}},{"type":"Feature","geometry":{"type":"Point","coordinates":[140.0005603,35.7722092]},"properties":{"name":"初富","name_en":"Hatsutomi","routes":["京成松戸線"]}},{"type":"Feature","geometry":{"type":"Point","coordinates":[140.0138359,35.7579124]},"properties":{"name":"鎌ヶ谷大仏","name_en":"Kamagayadaibutsu","routes":["京成松戸線"]}},{"type":"Feature","geometry":{"type":"Point","coordinates":[140.0234806,35.7539866]},"properties":{"name":"二和向台","name_en":"Futawamukodai","routes":["京成松戸線"]}},{"type":"Feature","geometry":{"type":"Point","coordinates":[140.0285203,35.749075]},"properties":{"name":"三咲","name_en":"Misaki","routes":["京成松戸線"]}},{"type":"Feature","geometry":{"type":"Point","coordinates":[140.0259856,35.7377176]},"properties":{"name":"滝不動","name_en":"Takifudo","routes":["京成松戸線"]}},{"type":"Feature","geometry":{"type":"Point","coordinates":[140.0296623,35.7302213]},"properties":{"name":"高根公団","name_en":"Takanekodan","routes":["京成松戸線"]}},{"type":"Feature","geometry":{"type":"Point","coordinates":[140.0347504,35.7267329]},"properties":{"name":"高根木戸","name_en":"Takanekido","routes":["京成松戸線"]}},{"type":"Feature","geometry":{"type":"Point","coordinates":[140.0427119,35.7151548]},"properties":{"name":"習志野","name_en":"Narashino","routes":["京成松戸線"]}},{"type":"Feature","geometry":{"type":"Point","coordinates":[140.0377036,35.7101593]},"properties":{"name":"薬園台","name_en":"Yakuendai","routes":["京成松戸線"]}},{"type":"Feature","geometry":{"type":"Point","coordinates":[140.027839,35.7009518]},"properties":{"name":"前原","name_en":"Maebara","routes":["京成松戸線"]}},{"type":"Feature","geometry":{"type":"Point","coordinates":[140.0233482,35.690358]},"properties":{"name":"新津田沼","name_en":"Shin-Tsudanuma","routes":["京成松戸線"]}},{"type":"Feature","geometry":{"type":"Point","coordinates":[139.4414607,35.7795178]},"properties":{"name":"下山口","name_en":"Shimo-Yamaguchi","routes":["西武鉄道狭山線"]}},{"type":"Feature","geometry":{"type":"Point","coordinates":[139.6934884,35.6572159]},"properties":{"name":"神泉","name_en":"Shinsen","routes":["京王電鉄井の頭線"]}},{"type":"Feature","geometry":{"type":"Point","coordinates":[139.6844553,35.6586714]},"properties":{"name":"駒場東大前","name_en":"Komaba-todaimae","routes":["京王電鉄井の頭線"]}},{"type":"Feature","geometry":{"type":"Point","coordinates":[139.6729246,35.6605069]},"properties":{"name":"池ノ上","name_en":"Ikenoue","routes":["京王電鉄井の頭線"]}},{"type":"Feature","geometry":{"type":"Point","coordinates":[139.6606159,35.6626076]},"properties":{"name":"新代田","name_en":"Shindaita","routes":["京王電鉄井の頭線"]}},{"type":"Feature","geometry":{"type":"Point","coordinates":[139.6558575,35.6626431]},"properties":{"name":"東松原","name_en":"Higashi-matsubara","routes":["京王電鉄井の頭線"]}},{"type":"Feature","geometry":{"type":"Point","coordinates":[139.642645,35.6762576]},"properties":{"name":"永福町","name_en":"Eifukucho","routes":["京王電鉄井の頭線"]}},{"type":"Feature","geometry":{"type":"Point","coordinates":[139.635535,35.678698]},"properties":{"name":"西永福","name_en":"Nishi-eifuku","routes":["京王電鉄井の頭線"]}},{"type":"Feature","geometry":{"type":"Point","coordinates":[139.6274677,35.6816467]},"properties":{"name":"浜田山","name_en":"Hamadayama","routes":["京王電鉄井の頭線"]}},{"type":"Feature","geometry":{"type":"Point","coordinates":[139.6149498,35.683248]},"properties":{"name":"高井戸","name_en":"Takaido","routes":["京王電鉄井の頭線"]}},{"type":"Feature","geometry":{"type":"Point","coordinates":[139.6076113,35.684671]},"properties":{"name":"富士見ヶ丘","name_en":"Fujimigaoka","routes":["京王電鉄井の頭線"]}},{"type":"Feature","geometry":{"type":"Point","coordinates":[139.5996129,35.6879766]},"properties":{"name":"久我山","name_en":"Kugayama","routes":["京王電鉄井の頭線"]}},{"type":"Feature","geometry":{"type":"Point","coordinates":[139.5889139,35.6922426]},"properties":{"name":"三鷹台","name_en":"Mitakadai","routes":["京王電鉄井の頭線"]}},{"type":"Feature","geometry":{"type":"Point","coordinates":[139.5827278,35.6975016]},"properties":{"name":"井の頭公園","name_en":"Inokashira-koen","routes":["京王電鉄井の頭線"]}},{"type":"Feature","geometry":{"type":"Point","coordinates":[137.6037602,34.6898623]},"properties":{"name":"弁天島","name_en":"Bentenjima","routes":["JR東海道本線"]}},{"type":"Feature","geometry":{"type":"Point","coordinates":[137.5695744,34.6943483]},"properties":{"name":"新居町","name_en":"Araimachi","routes":["JR東海道本線"]}},{"type":"Feature","geometry":{"type":"Point","coordinates":[137.4389256,34.725834]},"properties":{"name":"二川","name_en":"Futagawa","routes":["JR東海道本線"]}},{"type":"Feature","geometry":{"type":"Point","coordinates":[137.3530077,34.796866]},"properties":{"name":"西小坂井","name_en":"Nishi-Kozakai","routes":["JR東海道本線"]}},{"type":"Feature","geometry":{"type":"Point","coordinates":[137.3163269,34.8127096]},"properties":{"name":"愛知御津","name_en":"Aichi-Mito","routes":["JR東海道本線"]}},{"type":"Feature","geometry":{"type":"Point","coordinates":[137.2828525,34.815701]},"properties":{"name":"三河大塚","name_en":"Mikawa-Otsuka","routes":["JR東海道本線"]}},{"type":"Feature","geometry":{"type":"Point","coordinates":[136.9402476,35.0692239]},"properties":{"name":"大高","name_en":"Ōdaka","routes":["JR東海道本線"]}},{"type":"Feature","geometry":{"type":"Point","coordinates":[138.1256605,34.8189702]},"properties":{"name":"金谷","name_en":"Kanaya","routes":["JR東海道本線"]}},{"type":"Feature","geometry":{"type":"Point","coordinates":[138.4415742,35.0027076]},"properties":{"name":"草薙","name_en":"Kusanagi","routes":["JR東海道本線"]}},{"type":"Feature","geometry":{"type":"Point","coordinates":[138.4890488,35.0233337]},"properties":{"name":"清水","name_en":"Shimizu","routes":["JR東海道本線"]}},{"type":"Feature","geometry":{"type":"Point","coordinates":[138.5219742,35.052559]},"properties":{"name":"興津","name_en":"Okitsu","routes":["JR東海道本線"]}},{"type":"Feature","geometry":{"type":"Point","coordinates":[138.55295,35.097192]},"properties":{"name":"由比","name_en":"Yui","routes":["JR東海道本線"]}},{"type":"Feature","geometry":{"type":"Point","coordinates":[138.5831657,35.1140849]},"properties":{"name":"蒲原","name_en":"Kambara","routes":["JR東海道本線"]}},{"type":"Feature","geometry":{"type":"Point","coordinates":[138.6077881,35.1194548]},"properties":{"name":"新蒲原","name_en":"Shin-Kambara","routes":["JR東海道本線"]}},{"type":"Feature","geometry":{"type":"Point","coordinates":[138.6185601,35.1411158]},"properties":{"name":"富士川","name_en":"Fujikawa","routes":["JR東海道本線"]}},{"type":"Feature","geometry":{"type":"Point","coordinates":[138.6509228,35.1514949]},"properties":{"name":"富士","name_en":"Fuji","routes":["JR東海道本線"]}},{"type":"Feature","geometry":{"type":"Point","coordinates":[138.7023368,35.1439052]},"properties":{"name":"吉原","name_en":"Yoshiwara","routes":["JR東海道本線"]}},{"type":"Feature","geometry":{"type":"Point","coordinates":[138.7461066,35.1361069]},"properties":{"name":"東田子の浦","name_en":"Higashi-Tagonoura","routes":["JR東海道本線"]}},{"type":"Feature","geometry":{"type":"Point","coordinates":[138.7936781,35.124703]},"properties":{"name":"原","name_en":"Hara","routes":["JR東海道本線"]}},{"type":"Feature","geometry":{"type":"Point","coordinates":[138.8194593,35.1179857]},"properties":{"name":"片浜","name_en":"Katahama","routes":["JR東海道本線"]}},{"type":"Feature","geometry":{"type":"Point","coordinates":[138.8593352,35.1031271]},"properties":{"name":"沼津","name_en":"Numazu","routes":["JR東海道本線"]}},{"type":"Feature","geometry":{"type":"Point","coordinates":[138.9709903,35.1087265]},"properties":{"name":"函南","name_en":"Kannami","routes":["JR東海道本線"]}},{"type":"Feature","geometry":{"type":"Point","coordinates":[137.2492862,34.8183063]},"properties":{"name":"三河三谷","name_en":"Mikawa-Miya","routes":["JR東海道本線"]}},{"type":"Feature","geometry":{"type":"Point","coordinates":[137.2260391,34.8229991]},"properties":{"name":"蒲郡","name_en":"Gamagōri","routes":["JR東海道本線"]}},{"type":"Feature","geometry":{"type":"Point","coordinates":[137.2021364,34.8257231]},"properties":{"name":"三河塩津","name_en":"Mikawa-Shiotsu","routes":["JR東海道本線"]}},{"type":"Feature","geometry":{"type":"Point","coordinates":[137.1772359,34.8356897]},"properties":{"name":"三ヶ根","name_en":"Sangane","routes":["JR東海道本線"]}},{"type":"Feature","geometry":{"type":"Point","coordinates":[137.1226583,34.9466905]},"properties":{"name":"西岡崎","name_en":"Nishi-Okazaki","routes":["JR東海道本線"]}},{"type":"Feature","geometry":{"type":"Point","coordinates":[137.1573073,34.9255832]},"properties":{"name":"岡崎","name_en":"Okazaki","routes":["JR東海道本線"]}},{"type":"Feature","geometry":{"type":"Point","coordinates":[137.1602541,34.8875717]},"properties":{"name":"相見","name_en":"Aimi","routes":["JR東海道本線"]}},{"type":"Feature","geometry":{"type":"Point","coordinates":[137.0871923,34.9601972]},"properties":{"name":"安城","name_en":"Anjō","routes":["JR東海道本線"]}},{"type":"Feature","geometry":{"type":"Point","coordinates":[137.0435842,34.9773775]},"properties":{"name":"東刈谷","name_en":"Higashi-Kariya","routes":["JR東海道本線"]}},{"type":"Feature","geometry":{"type":"Point","coordinates":[137.0281999,34.9834698]},"properties":{"name":"野田新町","name_en":"Noda-Shinmachi","routes":["JR東海道本線"]}},{"type":"Feature","geometry":{"type":"Point","coordinates":[137.0088756,34.9911125]},"properties":{"name":"刈谷","name_en":"Kariya","routes":["JR東海道本線"]}},{"type":"Feature","geometry":{"type":"Point","coordinates":[136.9898722,34.998413]},"properties":{"name":"逢妻","name_en":"Aizuma","routes":["JR東海道本線"]}},{"type":"Feature","geometry":{"type":"Point","coordinates":[136.96176,35.008769]},"properties":{"name":"大府","name_en":"Ōbu","routes":["JR東海道本線"]}},{"type":"Feature","geometry":{"type":"Point","coordinates":[136.9545472,35.0352367]},"properties":{"name":"共和","name_en":"Kyōwa","routes":["JR東海道本線"]}},{"type":"Feature","geometry":{"type":"Point","coordinates":[136.9482968,35.0553019]},"properties":{"name":"南大高","name_en":"Minami-Ōdaka","routes":["JR東海道本線"]}},{"type":"Feature","geometry":{"type":"Point","coordinates":[136.9262563,35.0955792]},"properties":{"name":"笠寺","name_en":"Kasadera","routes":["JR東海道本線"]}},{"type":"Feature","geometry":{"type":"Point","coordinates":[136.9104552,35.1298864]},"properties":{"name":"熱田","name_en":"Atsuta","routes":["JR東海道本線"]}},{"type":"Feature","geometry":{"type":"Point","coordinates":[136.9007168,35.14282325]},"properties":{"name":"金山","name_en":"Kanayama","routes":["JR東海道本線"]}},{"type":"Feature","geometry":{"type":"Point","coordinates":[136.8911699,35.1468755]},"properties":{"name":"尾頭橋","name_en":"Otōbashi","routes":["JR東海道本線"]}},{"type":"Feature","geometry":{"type":"Point","coordinates":[136.8212739,35.2524853]},"properties":{"name":"稲沢","name_en":"Inazawa","routes":["JR東海道本線"]}},{"type":"Feature","geometry":{"type":"Point","coordinates":[136.8614501,35.1994691]},"properties":{"name":"枇杷島","name_en":"Biwajima","routes":["JR東海道本線"]}},{"type":"Feature","geometry":{"type":"Point","coordinates":[136.7973531,35.3023479]},"properties":{"name":"尾張一宮","name_en":"Owari-Ichinomiya","routes":["JR東海道本線"]}},{"type":"Feature","geometry":{"type":"Point","coordinates":[136.780993,35.3489973]},"properties":{"name":"木曽川","name_en":"Kisogawa","routes":["JR東海道本線"]}},{"type":"Feature","geometry":{"type":"Point","coordinates":[136.7235207,35.4047349]},"properties":{"name":"西岐阜","name_en":"Nishi-Gifu","routes":["JR東海道本線"]}},{"type":"Feature","geometry":{"type":"Point","coordinates":[136.6934324,35.3962216]},"properties":{"name":"穂積","name_en":"Hozumi","routes":["JR東海道本線"]}},{"type":"Feature","geometry":{"type":"Point","coordinates":[136.6178001,35.3670837]},"properties":{"name":"大垣","name_en":"Ōgaki","routes":["JR東海道本線"]}},{"type":"Feature","geometry":{"type":"Point","coordinates":[136.5314079,35.3696804]},"properties":{"name":"垂井","name_en":"Tarui","routes":["JR東海道本線"]}},{"type":"Feature","geometry":{"type":"Point","coordinates":[136.470574,35.3638665]},"properties":{"name":"関ヶ原","name_en":"Sekigahara","routes":["JR東海道本線"]}},{"type":"Feature","geometry":{"type":"Point","coordinates":[136.4028328,35.3447896]},"properties":{"name":"柏原","name_en":"Kashiwabara","routes":["JR東海道本線"]}},{"type":"Feature","geometry":{"type":"Point","coordinates":[136.3740107,35.3591769]},"properties":{"name":"近江長岡","name_en":"Ōmi-Nagaoka","routes":["JR東海道本線"]}},{"type":"Feature","geometry":{"type":"Point","coordinates":[136.3452735,35.3277907]},"properties":{"name":"醒ヶ井","name_en":"Samegai","routes":["JR東海道本線"]}},{"type":"Feature","geometry":{"type":"Point","coordinates":[136.2479499,35.246073]},"properties":{"name":"南彦根","name_en":"Minami-Hikone","routes":["JR東海道本線"]}},{"type":"Feature","geometry":{"type":"Point","coordinates":[135.9472641,35.0037567]},"properties":{"name":"南草津","name_en":"Minami-Kusatsu","routes":["JR東海道本線"]}},{"type":"Feature","geometry":{"type":"Point","coordinates":[135.8806158,34.9993301]},"properties":{"name":"膳所","name_en":"Zeze","routes":["JR東海道本線"]}},{"type":"Feature","geometry":{"type":"Point","coordinates":[135.5621314,34.8152025]},"properties":{"name":"茨木","name_en":"Ibaraki","routes":["JR東海道本線"]}},{"type":"Feature","geometry":{"type":"Point","coordinates":[135.18714575,34.68949695]},"properties":{"name":"元町","name_en":"Motomachi","routes":["JR東海道本線"]}},{"type":"Feature","geometry":{"type":"Point","coordinates":[135.1950871,34.6948605]},"properties":{"name":"三ノ宮","name_en":"Sannomiya","routes":["JR東海道本線"]}},{"type":"Feature","geometry":{"type":"Point","coordinates":[135.2380894,34.714606]},"properties":{"name":"六甲道","name_en":"Rokkōmichi","routes":["JR東海道本線"]}},{"type":"Feature","geometry":{"type":"Point","coordinates":[139.3133818,35.3113033]},"properties":{"name":"大磯","name_en":"Ōiso","routes":["JR東海道本線"]}},{"type":"Feature","geometry":{"type":"Point","coordinates":[139.2575905,35.2987535]},"properties":{"name":"二宮","name_en":"Ninomiya","routes":["JR東海道本線"]}},{"type":"Feature","geometry":{"type":"Point","coordinates":[139.1451992,35.2391784]},"properties":{"name":"早川","name_en":"Hayakawa","routes":["JR東海道本線"]}},{"type":"Feature","geometry":{"type":"Point","coordinates":[139.1387321,35.2026663]},"properties":{"name":"根府川","name_en":"Nebukawa","routes":["JR東海道本線"]}},{"type":"Feature","geometry":{"type":"Point","coordinates":[139.13227005,35.156941599999996]},"properties":{"name":"真鶴","name_en":"Manazuru","routes":["JR東海道本線"]}},{"type":"Feature","geometry":{"type":"Point","coordinates":[139.1021928,35.1462344]},"properties":{"name":"湯河原","name_en":"Yugawara","routes":["JR東海道本線"]}},{"type":"Feature","geometry":{"type":"Point","coordinates":[135.9254689,34.9870804]},"properties":{"name":"瀬田","name_en":"Seta","routes":["JR東海道本線"]}},{"type":"Feature","geometry":{"type":"Point","coordinates":[135.90000605,34.97993395]},"properties":{"name":"石山","name_en":"","routes":["JR東海道本線"]}},{"type":"Feature","geometry":{"type":"Point","coordinates":[137.4844101,34.7233194]},"properties":{"name":"新所原","name_en":"Shinjohara","routes":["JR東海道本線"]}},{"type":"Feature","geometry":{"type":"Point","coordinates":[137.8517978,34.7101215]},"properties":{"name":"磐田","name_en":"Iwata","routes":["JR東海道本線"]}},{"type":"Feature","geometry":{"type":"Point","coordinates":[137.9615144,34.7523474]},"properties":{"name":"愛野","name_en":"Aino","routes":["JR東海道本線"]}},{"type":"Feature","geometry":{"type":"Point","coordinates":[137.9257682,34.741337]},"properties":{"name":"袋井","name_en":"Fukuroi","routes":["JR東海道本線"]}},{"type":"Feature","geometry":{"type":"Point","coordinates":[138.1741848,34.8301289]},"properties":{"name":"島田","name_en":"Shimada","routes":["JR東海道本線"]}},{"type":"Feature","geometry":{"type":"Point","coordinates":[138.2042561,34.8366128]},"properties":{"name":"六合","name_en":"Rokugo","routes":["JR東海道本線"]}},{"type":"Feature","geometry":{"type":"Point","coordinates":[138.2522644,34.8492732]},"properties":{"name":"藤枝","name_en":"Fujieda","routes":["JR東海道本線"]}},{"type":"Feature","geometry":{"type":"Point","coordinates":[138.2855679,34.8598403]},"properties":{"name":"西焼津","name_en":"Nishi-Yaizu","routes":["JR東海道本線"]}},{"type":"Feature","geometry":{"type":"Point","coordinates":[138.3181727,34.8723182]},"properties":{"name":"焼津","name_en":"Yaizu","routes":["JR東海道本線"]}},{"type":"Feature","geometry":{"type":"Point","coordinates":[138.3595748,34.9222018]},"properties":{"name":"用宗","name_en":"Mochimune","routes":["JR東海道本線"]}},{"type":"Feature","geometry":{"type":"Point","coordinates":[138.3641323,34.941226]},"properties":{"name":"安倍川","name_en":"Abekawa","routes":["JR東海道本線"]}},{"type":"Feature","geometry":{"type":"Point","coordinates":[135.1784451,34.6792832]},"properties":{"name":"神戸","name_en":"Kobe","routes":["JR東海道本線"]}},{"type":"Feature","geometry":{"type":"Point","coordinates":[136.2250789,35.2251318]},"properties":{"name":"河瀬","name_en":"Kawase","routes":["JR東海道本線"]}},{"type":"Feature","geometry":{"type":"Point","coordinates":[136.194395,35.2032819]},"properties":{"name":"稲枝","name_en":"Inae","routes":["JR東海道本線"]}},{"type":"Feature","geometry":{"type":"Point","coordinates":[136.1659791,35.1799218]},"properties":{"name":"能登川","name_en":"Notogawa","routes":["JR東海道本線"]}},{"type":"Feature","geometry":{"type":"Point","coordinates":[136.133701,35.1424937]},"properties":{"name":"安土","name_en":"Azuchi","routes":["JR東海道本線"]}},{"type":"Feature","geometry":{"type":"Point","coordinates":[136.1028163,35.1227815]},"properties":{"name":"近江八幡","name_en":"Ōmihachiman","routes":["JR東海道本線"]}},{"type":"Feature","geometry":{"type":"Point","coordinates":[136.0713521,35.0990974]},"properties":{"name":"篠原","name_en":"Shinohara","routes":["JR東海道本線"]}},{"type":"Feature","geometry":{"type":"Point","coordinates":[136.0226946,35.0685944]},"properties":{"name":"野洲","name_en":"Yasu","routes":["JR東海道本線"]}},{"type":"Feature","geometry":{"type":"Point","coordinates":[135.9957329,35.0503844]},"properties":{"name":"守山","name_en":"Moriyama","routes":["JR東海道本線"]}},{"type":"Feature","geometry":{"type":"Point","coordinates":[135.9798885,35.0373468]},"properties":{"name":"栗東","name_en":"Rittō","routes":["JR東海道本線"]}},{"type":"Feature","geometry":{"type":"Point","coordinates":[135.9618574,35.0225064]},"properties":{"name":"草津駅3番のりば","name_en":"","routes":["JR東海道本線"]}},{"type":"Feature","geometry":{"type":"Point","coordinates":[137.5460261,34.7168397]},"properties":{"name":"鷲津","name_en":"Washizu","routes":["JR東海道本線"]}},{"type":"Feature","geometry":{"type":"Point","coordinates":[137.6271386,34.6857162]},"properties":{"name":"舞阪","name_en":"Maisaka","routes":["JR東海道本線"]}},{"type":"Feature","geometry":{"type":"Point","coordinates":[137.819956,34.7120279]},"properties":{"name":"豊田町","name_en":"Toyodacho","routes":["JR東海道本線"]}},{"type":"Feature","geometry":{"type":"Point","coordinates":[137.6810035,34.6904941]},"properties":{"name":"高塚","name_en":"Takatsuka","routes":["JR東海道本線"]}},{"type":"Feature","geometry":{"type":"Point","coordinates":[138.4130768,34.9842323]},"properties":{"name":"東静岡","name_en":"Higashi-Shizuoka","routes":["JR東海道本線"]}},{"type":"Feature","geometry":{"type":"Point","coordinates":[137.1642825,34.8600416]},"properties":{"name":"幸田","name_en":"Koda","routes":["JR東海道本線"]}},{"type":"Feature","geometry":{"type":"Point","coordinates":[137.7792969,34.7169945]},"properties":{"name":"天竜川","name_en":"Tenryugawa","routes":["JR東海道本線"]}},{"type":"Feature","geometry":{"type":"Point","coordinates":[139.4847109,35.6684223]},"properties":{"name":"府中競馬正門前","name_en":"Fuchukeiba-seimonmae","routes":["京王競馬場線"]}},{"type":"Feature","geometry":{"type":"Point","coordinates":[139.1365125,35.9765814]},"properties":{"name":"芦ヶ久保","name_en":"Ashigakubo","routes":["西武鉄道西武秩父線"]}},{"type":"Feature","geometry":{"type":"Point","coordinates":[139.7222348,35.5012754]},"properties":{"name":"扇町","name_en":"Ogimachi","routes":["JR鶴見線"]}},{"type":"Feature","geometry":{"type":"Point","coordinates":[139.7240507,35.5064693]},"properties":{"name":"昭和","name_en":"Showa","routes":["JR鶴見線"]}},{"type":"Feature","geometry":{"type":"Point","coordinates":[139.7062924,35.5018116]},"properties":{"name":"武蔵白石","name_en":"Musashi-Shiraishi","routes":["JR鶴見線"]}},{"type":"Feature","geometry":{"type":"Point","coordinates":[139.7008868,35.4996481]},"properties":{"name":"安善","name_en":"Anzen","routes":["JR鶴見線"]}},{"type":"Feature","geometry":{"type":"Point","coordinates":[139.6957044,35.4974338]},"properties":{"name":"浅野","name_en":"Asano","routes":["JR鶴見線"]}},{"type":"Feature","geometry":{"type":"Point","coordinates":[139.6893894,35.4957391]},"properties":{"name":"弁天橋","name_en":"Bentembashi","routes":["JR鶴見線"]}},{"type":"Feature","geometry":{"type":"Point","coordinates":[139.680911,35.4972947]},"properties":{"name":"鶴見小野","name_en":"Tsurumiono","routes":["JR鶴見線"]}},{"type":"Feature","geometry":{"type":"Point","coordinates":[139.675399,35.5009768]},"properties":{"name":"国道","name_en":"Kokudo","routes":["JR鶴見線"]}},{"type":"Feature","geometry":{"type":"Point","coordinates":[139.7111242,35.4954947]},"properties":{"name":"大川","name_en":"Okawa","routes":["JR鶴見線"]}},{"type":"Feature","geometry":{"type":"Point","coordinates":[139.700285,35.485904]},"properties":{"name":"海芝浦","name_en":"Umi-Shibaura","routes":["JR鶴見線"]}},{"type":"Feature","geometry":{"type":"Point","coordinates":[139.7000251,35.4919545]},"properties":{"name":"新芝浦","name_en":"Shin-Shibaura","routes":["JR鶴見線"]}},{"type":"Feature","geometry":{"type":"Point","coordinates":[139.3844328,35.7063674]},"properties":{"name":"東中神","name_en":"Higashi-Nakagami","routes":["JR青梅線"]}},{"type":"Feature","geometry":{"type":"Point","coordinates":[139.3757902,35.7090262]},"properties":{"name":"中神","name_en":"Nakagami","routes":["JR青梅線"]}},{"type":"Feature","geometry":{"type":"Point","coordinates":[139.3608938,35.7135703]},"properties":{"name":"昭島","name_en":"Akishima","routes":["JR青梅線"]}},{"type":"Feature","geometry":{"type":"Point","coordinates":[139.3336014,35.7346115]},"properties":{"name":"牛浜","name_en":"Ushihama","routes":["JR青梅線"]}},{"type":"Feature","geometry":{"type":"Point","coordinates":[139.3278791,35.7423308]},"properties":{"name":"福生","name_en":"Fussa","routes":["JR青梅線"]}},{"type":"Feature","geometry":{"type":"Point","coordinates":[139.3160094,35.7583518]},"properties":{"name":"羽村","name_en":"Hamura","routes":["JR青梅線"]}},{"type":"Feature","geometry":{"type":"Point","coordinates":[139.3019232,35.7763109]},"properties":{"name":"小作","name_en":"Ozaku","routes":["JR青梅線"]}},{"type":"Feature","geometry":{"type":"Point","coordinates":[139.2847381,35.7845098]},"properties":{"name":"河辺","name_en":"Kabe","routes":["JR青梅線"]}},{"type":"Feature","geometry":{"type":"Point","coordinates":[139.2725011,35.7899044]},"properties":{"name":"東青梅","name_en":"Higashi-Ome","routes":["JR青梅線"]}},{"type":"Feature","geometry":{"type":"Point","coordinates":[139.2583321,35.7904504]},"properties":{"name":"青梅","name_en":"Ome","routes":["JR青梅線"]}},{"type":"Feature","geometry":{"type":"Point","coordinates":[139.2368359,35.787437]},"properties":{"name":"宮ノ平","name_en":"Miyanohira","routes":["JR青梅線"]}},{"type":"Feature","geometry":{"type":"Point","coordinates":[139.22997,35.7879558]},"properties":{"name":"日向和田","name_en":"Hinatawada","routes":["JR青梅線"]}},{"type":"Feature","geometry":{"type":"Point","coordinates":[139.2250691,35.7967462]},"properties":{"name":"石神前","name_en":"Ishigamimae","routes":["JR青梅線"]}},{"type":"Feature","geometry":{"type":"Point","coordinates":[139.2159535,35.8042988]},"properties":{"name":"二俣尾","name_en":"Futamatao","routes":["JR青梅線"]}},{"type":"Feature","geometry":{"type":"Point","coordinates":[139.2076788,35.8076389]},"properties":{"name":"軍畑","name_en":"Ikusabata","routes":["JR青梅線"]}},{"type":"Feature","geometry":{"type":"Point","coordinates":[139.1937545,35.8059112]},"properties":{"name":"沢井","name_en":"Sawai","routes":["JR青梅線"]}},{"type":"Feature","geometry":{"type":"Point","coordinates":[139.18238275,35.80150055]},"properties":{"name":"御嶽","name_en":"Mitake","routes":["JR青梅線"]}},{"type":"Feature","geometry":{"type":"Point","coordinates":[139.164028,35.8137011]},"properties":{"name":"川井","name_en":"Kawai","routes":["JR青梅線"]}},{"type":"Feature","geometry":{"type":"Point","coordinates":[139.1516261,35.816325649999996]},"properties":{"name":"古里","name_en":"Kori","routes":["JR青梅線"]}},{"type":"Feature","geometry":{"type":"Point","coordinates":[139.1287025,35.8151307]},"properties":{"name":"鳩ノ巣","name_en":"Hatonosu","routes":["JR青梅線"]}},{"type":"Feature","geometry":{"type":"Point","coordinates":[139.1148337,35.8119675]},"properties":{"name":"白丸","name_en":"Shiromaru","routes":["JR青梅線"]}},{"type":"Feature","geometry":{"type":"Point","coordinates":[139.0968064,35.8094299]},"properties":{"name":"奥多摩","name_en":"Oku-Tama","routes":["JR青梅線"]}},{"type":"Feature","geometry":{"type":"Point","coordinates":[139.5774238,35.632315]},"properties":{"name":"狛江","name_en":"Komae","routes":["小田急電鉄小田原線"]}},{"type":"Feature","geometry":{"type":"Point","coordinates":[139.6097472,35.6432802]},"properties":{"name":"祖師ヶ谷大蔵","name_en":"Soshigaya-Okura","routes":["小田急電鉄小田原線"]}},{"type":"Feature","geometry":{"type":"Point","coordinates":[139.6238215,35.6473986]},"properties":{"name":"千歳船橋","name_en":"Chitose-Funabashi","routes":["小田急電鉄小田原線"]}},{"type":"Feature","geometry":{"type":"Point","coordinates":[138.9775973,36.6931647]},"properties":{"name":"上毛高原","name_en":"Jōmō-Kōgen","routes":["たにがわ"]}},{"type":"Feature","geometry":{"type":"Point","coordinates":[139.705298,35.5142066]},"properties":{"name":"小田栄","name_en":"Odasakae","routes":["JR南武線浜川崎"]}},{"type":"Feature","geometry":{"type":"Point","coordinates":[139.6991819,35.5182574]},"properties":{"name":"川崎新町","name_en":"Kawasaki-Shimmachi","routes":["JR南武線浜川崎"]}},{"type":"Feature","geometry":{"type":"Point","coordinates":[140.2752404,35.7316614]},"properties":{"name":"酒々井","name_en":"Shisui","routes":["JR成田線"]}},{"type":"Feature","geometry":{"type":"Point","coordinates":[139.4075744,35.3390948]},"properties":{"name":"北茅ヶ崎","name_en":"Kita-Chigasaki","routes":["相模線"]}},{"type":"Feature","geometry":{"type":"Point","coordinates":[140.2681501,35.7042338]},"properties":{"name":"南酒々井","name_en":"Minami-Shisui","routes":["総武本線"]}},{"type":"Feature","geometry":{"type":"Point","coordinates":[140.36282434999998,35.628226]},"properties":{"name":"日向","name_en":"Hyuga","routes":["総武本線"]}},{"type":"Feature","geometry":{"type":"Point","coordinates":[140.45792165,35.63610695]},"properties":{"name":"松尾","name_en":"Matsuo","routes":["総武本線"]}},{"type":"Feature","geometry":{"type":"Point","coordinates":[140.60316515,35.7182464]},"properties":{"name":"干潟","name_en":"Higata","routes":["総武本線"]}},{"type":"Feature","geometry":{"type":"Point","coordinates":[140.7144506,35.7380094]},"properties":{"name":"倉橋","name_en":"Kurahashi","routes":["総武本線"]}},{"type":"Feature","geometry":{"type":"Point","coordinates":[140.7952723,35.7393559]},"properties":{"name":"松岸","name_en":"Matsugishi","routes":["総武本線"]}},{"type":"Feature","geometry":{"type":"Point","coordinates":[140.7374036,35.74740315]},"properties":{"name":"猿田","name_en":"Saruda","routes":["総武本線"]}},{"type":"Feature","geometry":{"type":"Point","coordinates":[140.28816055,35.6841286]},"properties":{"name":"榎戸","name_en":"","routes":["総武本線"]}},{"type":"Feature","geometry":{"type":"Point","coordinates":[140.5223014,35.6855117]},"properties":{"name":"飯倉","name_en":"","routes":["総武本線"]}},{"type":"Feature","geometry":{"type":"Point","coordinates":[140.09614829999998,35.0818259]},"properties":{"name":"太海","name_en":"Futomi","routes":["JR内房線"]}},{"type":"Feature","geometry":{"type":"Point","coordinates":[140.06092675000002,35.0625359]},"properties":{"name":"江見","name_en":"Emi","routes":["JR内房線"]}},{"type":"Feature","geometry":{"type":"Point","coordinates":[140.01960965,35.0417709]},"properties":{"name":"和田浦","name_en":"Wadaura","routes":["JR内房線"]}},{"type":"Feature","geometry":{"type":"Point","coordinates":[139.97916750000002,35.0211728]},"properties":{"name":"南三原","name_en":"Minamihara","routes":["JR内房線"]}},{"type":"Feature","geometry":{"type":"Point","coordinates":[139.9663902,34.991691]},"properties":{"name":"千歳","name_en":"Chitose","routes":["JR内房線"]}},{"type":"Feature","geometry":{"type":"Point","coordinates":[139.9547458,34.9768672]},"properties":{"name":"千倉","name_en":"Chikura","routes":["JR内房線"]}},{"type":"Feature","geometry":{"type":"Point","coordinates":[139.9110791,34.9976274]},"properties":{"name":"九重","name_en":"Kokonoe","routes":["JR内房線"]}},{"type":"Feature","geometry":{"type":"Point","coordinates":[139.86194795,34.995818850000006]},"properties":{"name":"館山","name_en":"Tateyama","routes":["JR内房線"]}},{"type":"Feature","geometry":{"type":"Point","coordinates":[139.8517963,35.0285282]},"properties":{"name":"那古船形","name_en":"Nako-Funakata","routes":["JR内房線"]}},{"type":"Feature","geometry":{"type":"Point","coordinates":[139.8378799,35.04567575]},"properties":{"name":"富浦","name_en":"Tomiura","routes":["JR内房線"]}},{"type":"Feature","geometry":{"type":"Point","coordinates":[139.84982985,35.0925565]},"properties":{"name":"岩井","name_en":"Iwai","routes":["JR内房線"]}},{"type":"Feature","geometry":{"type":"Point","coordinates":[139.8335661,35.113865]},"properties":{"name":"安房勝山","name_en":"Awa-Katsuyama","routes":["JR内房線"]}},{"type":"Feature","geometry":{"type":"Point","coordinates":[139.8382943,35.14143545]},"properties":{"name":"保田","name_en":"Hota","routes":["JR内房線"]}},{"type":"Feature","geometry":{"type":"Point","coordinates":[139.8221449,35.16841855]},"properties":{"name":"浜金谷","name_en":"Hama-Kanaya","routes":["JR内房線"]}},{"type":"Feature","geometry":{"type":"Point","coordinates":[139.8299173,35.19758915]},"properties":{"name":"竹岡","name_en":"Takeoka","routes":["JR内房線"]}},{"type":"Feature","geometry":{"type":"Point","coordinates":[139.8711407,35.2224317]},"properties":{"name":"上総湊","name_en":"Kazusa-Minato","routes":["JR内房線"]}},{"type":"Feature","geometry":{"type":"Point","coordinates":[139.87588895,35.26069805]},"properties":{"name":"佐貫町","name_en":"Sanukimachi","routes":["JR内房線"]}},{"type":"Feature","geometry":{"type":"Point","coordinates":[139.85571065,35.291195200000004]},"properties":{"name":"大貫","name_en":"Onuki","routes":["JR内房線"]}},{"type":"Feature","geometry":{"type":"Point","coordinates":[139.8582901,35.3303196]},"properties":{"name":"青堀","name_en":"Aohori","routes":["JR内房線"]}},{"type":"Feature","geometry":{"type":"Point","coordinates":[139.2699078,35.6325002]},"properties":{"name":"高尾山口","name_en":"Takaosanguchi","routes":["高尾線"]}},{"type":"Feature","geometry":{"type":"Point","coordinates":[139.2933098,35.6405959]},"properties":{"name":"狭間","name_en":"Hazama","routes":["高尾線"]}},{"type":"Feature","geometry":{"type":"Point","coordinates":[139.30772,35.6434031]},"properties":{"name":"めじろ台","name_en":"Mejirodai","routes":["高尾線"]}},{"type":"Feature","geometry":{"type":"Point","coordinates":[139.3211783,35.6444148]},"properties":{"name":"山田","name_en":"Yamada","routes":["高尾線"]}},{"type":"Feature","geometry":{"type":"Point","coordinates":[139.3370743,35.6443504]},"properties":{"name":"京王片倉","name_en":"Keio-katakura","routes":["高尾線"]}},{"type":"Feature","geometry":{"type":"Point","coordinates":[139.3286556,35.8110878]},"properties":{"name":"金子","name_en":"Kaneko","routes":["八高線"]}},{"type":"Feature","geometry":{"type":"Point","coordinates":[139.6361012,35.5358452]},"properties":{"name":"新綱島","name_en":"Shin-Tsunashima","routes":["東急新横浜線"]}},{"type":"Feature","geometry":{"type":"Point","coordinates":[140.1997637,35.2500542]},"properties":{"name":"上総中野","name_en":"Kazusa-Nakano","routes":["小湊鉄道線"]}},{"type":"Feature","geometry":{"type":"Point","coordinates":[140.1595243,35.2664313]},"properties":{"name":"養老渓谷","name_en":"Yorokeikoku","routes":["小湊鉄道線"]}},{"type":"Feature","geometry":{"type":"Point","coordinates":[140.1458798,35.2833978]},"properties":{"name":"上総大久保","name_en":"Kazusa-Okubo","routes":["小湊鉄道線"]}},{"type":"Feature","geometry":{"type":"Point","coordinates":[140.1393923,35.3021964]},"properties":{"name":"月崎","name_en":"Tsukizaki","routes":["小湊鉄道線"]}},{"type":"Feature","geometry":{"type":"Point","coordinates":[140.1421816,35.3207931]},"properties":{"name":"飯給","name_en":"Itabu","routes":["小湊鉄道線"]}},{"type":"Feature","geometry":{"type":"Point","coordinates":[140.1454885,35.336711]},"properties":{"name":"里見","name_en":"Satomi","routes":["小湊鉄道線"]}},{"type":"Feature","geometry":{"type":"Point","coordinates":[140.1503489,35.3532938]},"properties":{"name":"高滝","name_en":"Takataki","routes":["小湊鉄道線"]}},{"type":"Feature","geometry":{"type":"Point","coordinates":[140.154606,35.3675136]},"properties":{"name":"上総久保","name_en":"Kazusa-Kubo","routes":["小湊鉄道線"]}},{"type":"Feature","geometry":{"type":"Point","coordinates":[140.1651686,35.3813997]},"properties":{"name":"上総鶴舞","name_en":"Kazusa-Tsurumai","routes":["小湊鉄道線"]}},{"type":"Feature","geometry":{"type":"Point","coordinates":[140.1511237,35.3881138]},"properties":{"name":"上総川間","name_en":"Kazusa-Kawama","routes":["小湊鉄道線"]}},{"type":"Feature","geometry":{"type":"Point","coordinates":[140.1420997,35.4001414]},"properties":{"name":"上総牛久","name_en":"Kazusa-Ushiku","routes":["小湊鉄道線"]}},{"type":"Feature","geometry":{"type":"Point","coordinates":[140.1148775,35.4236725]},"properties":{"name":"馬立","name_en":"Umatate","routes":["小湊鉄道線"]}},{"type":"Feature","geometry":{"type":"Point","coordinates":[140.1142057,35.4403536]},"properties":{"name":"光風台","name_en":"Kofudai","routes":["小湊鉄道線"]}},{"type":"Feature","geometry":{"type":"Point","coordinates":[140.1261824,35.4542014]},"properties":{"name":"上総山田","name_en":"Kazusa-Yamada","routes":["小湊鉄道線"]}},{"type":"Feature","geometry":{"type":"Point","coordinates":[140.1267656,35.4660327]},"properties":{"name":"上総三又","name_en":"Kazusa-Mitsumata","routes":["小湊鉄道線"]}},{"type":"Feature","geometry":{"type":"Point","coordinates":[140.1241104,35.4817067]},"properties":{"name":"海士有木","name_en":"Amaariki","routes":["小湊鉄道線"]}},{"type":"Feature","geometry":{"type":"Point","coordinates":[140.1002691,35.4962381]},"properties":{"name":"上総村上","name_en":"Kazusa-Murakami","routes":["小湊鉄道線"]}},{"type":"Feature","geometry":{"type":"Point","coordinates":[139.9335177,35.4144082]},"properties":{"name":"巌根","name_en":"Iwane","routes":["JR内房線"]}},{"type":"Feature","geometry":{"type":"Point","coordinates":[139.9578021,35.4321683]},"properties":{"name":"袖ケ浦","name_en":"Sodegaura","routes":["JR内房線"]}},{"type":"Feature","geometry":{"type":"Point","coordinates":[139.99561905,35.450483250000005]},"properties":{"name":"長浦駅","name_en":"Nagaura","routes":["JR内房線"]}},{"type":"Feature","geometry":{"type":"Point","coordinates":[140.1201444,35.5362629]},"properties":{"name":"八幡宿","name_en":"Yawatajuku","routes":["JR内房線"]}},{"type":"Feature","geometry":{"type":"Point","coordinates":[140.1321103,35.552028]},"properties":{"name":"浜野","name_en":"Hamano","routes":["JR内房線"]}},{"type":"Feature","geometry":{"type":"Point","coordinates":[138.35849865,36.84578575]},"properties":{"name":"飯山","name_en":"Iiyama","routes":["はくたか"]}},{"type":"Feature","geometry":{"type":"Point","coordinates":[138.24856405,37.08134225]},"properties":{"name":"上越妙高","name_en":"","routes":["はくたか"]}},{"type":"Feature","geometry":{"type":"Point","coordinates":[137.8613087,37.0431112]},"properties":{"name":"糸魚川","name_en":"Itoigawa","routes":["はくたか"]}},{"type":"Feature","geometry":{"type":"Point","coordinates":[137.48133124999998,36.87422885]},"properties":{"name":"黒部宇奈月温泉","name_en":"Kurobe-Unazuki-Onsen","routes":["はくたか"]}},{"type":"Feature","geometry":{"type":"Point","coordinates":[137.012026,36.7269653]},"properties":{"name":"新高岡","name_en":"Shin-Takaoka","routes":["はくたか"]}},{"type":"Feature","geometry":{"type":"Point","coordinates":[136.4531359,36.40247745]},"properties":{"name":"小松","name_en":"Komatsu","routes":["はくたか"]}},{"type":"Feature","geometry":{"type":"Point","coordinates":[136.3508876,36.320296150000004]},"properties":{"name":"加賀温泉","name_en":"Kagaonsen","routes":["はくたか"]}},{"type":"Feature","geometry":{"type":"Point","coordinates":[136.23545435,36.215345049999996]},"properties":{"name":"芦原温泉","name_en":"Awaraonsen","routes":["はくたか"]}},{"type":"Feature","geometry":{"type":"Point","coordinates":[136.19899155000002,35.89589465]},"properties":{"name":"越前たけふ駅","name_en":"Echizen-Takefu","routes":["はくたか"]}},{"type":"Feature","geometry":{"type":"Point","coordinates":[139.2576893,35.632484000000005]},"properties":{"name":"山上","name_en":"Sancho","routes":["エコーリフト"]}},{"type":"Feature","geometry":{"type":"Point","coordinates":[139.26679355,35.63156275]},"properties":{"name":"山麓","name_en":"","routes":["エコーリフト"]}}]}